type,id,url,twitterUrl,text,source,retweetCount,replyCount,likeCount,quoteCount,viewCount,createdAt,lang,bookmarkCount,isReply,inReplyToId,conversationId,displayTextRange,inReplyToUserId,inReplyToUsername,card,quoted_tweet,retweeted_tweet,isLimitedReply,article,author.type,author.userName,author.url,author.twitterUrl,author.id,author.name,author.isVerified,author.isBlueVerified,author.verifiedType,author.profilePicture,author.coverPicture,author.description,author.location,author.followers,author.following,author.status,author.canDm,author.canMediaTag,author.createdAt,author.entities.description.urls,author.fastFollowersCount,author.favouritesCount,author.hasCustomTimelines,author.isTranslator,author.mediaCount,author.statusesCount,author.withheldInCountries,author.possiblySensitive,author.pinnedTweetIds,author.profile_bio.description,author.isAutomated,author.automatedBy,entities.user_mentions,author.profile_bio.entities.url.urls,author.profile_bio.entities.description.user_mentions,place.bounding_box_polygon.coordinates,place.bounding_box_polygon.type,place.country,place.country_code,place.full_name,place.id,place.name,place.place_type,extendedEntities.media,author.profile_bio.entities.description.hashtags,quoted_tweet.type,quoted_tweet.id,quoted_tweet.url,quoted_tweet.twitterUrl,quoted_tweet.text,quoted_tweet.source,quoted_tweet.retweetCount,quoted_tweet.replyCount,quoted_tweet.likeCount,quoted_tweet.quoteCount,quoted_tweet.viewCount,quoted_tweet.createdAt,quoted_tweet.lang,quoted_tweet.bookmarkCount,quoted_tweet.isReply,quoted_tweet.inReplyToId,quoted_tweet.conversationId,quoted_tweet.displayTextRange,quoted_tweet.inReplyToUserId,quoted_tweet.inReplyToUsername,quoted_tweet.author.type,quoted_tweet.author.userName,quoted_tweet.author.url,quoted_tweet.author.twitterUrl,quoted_tweet.author.id,quoted_tweet.author.name,quoted_tweet.author.isVerified,quoted_tweet.author.isBlueVerified,quoted_tweet.author.verifiedType,quoted_tweet.author.profilePicture,quoted_tweet.author.coverPicture,quoted_tweet.author.description,quoted_tweet.author.location,quoted_tweet.author.followers,quoted_tweet.author.following,quoted_tweet.author.status,quoted_tweet.author.canDm,quoted_tweet.author.canMediaTag,quoted_tweet.author.createdAt,quoted_tweet.author.entities.description.urls,quoted_tweet.author.fastFollowersCount,quoted_tweet.author.favouritesCount,quoted_tweet.author.hasCustomTimelines,quoted_tweet.author.isTranslator,quoted_tweet.author.mediaCount,quoted_tweet.author.statusesCount,quoted_tweet.author.withheldInCountries,quoted_tweet.author.possiblySensitive,quoted_tweet.author.pinnedTweetIds,quoted_tweet.author.profile_bio.description,quoted_tweet.author.isAutomated,quoted_tweet.author.automatedBy,quoted_tweet.extendedEntities.media,quoted_tweet.card,quoted_tweet.quoted_tweet,quoted_tweet.retweeted_tweet,quoted_tweet.isLimitedReply,quoted_tweet.article,author.profile_bio.entities.description.urls
tweet,1989301113976225816,https://x.com/joaovitorjo_jo/status/1989301113976225816,https://twitter.com/joaovitorjo_jo/status/1989301113976225816,@mariliazando @FellipeDos61363 @Pentadao1 @choquei @grok isso é verdade?,Twitter for iPhone,0,2,0,0,6,Fri Nov 14 11:55:19 +0000 2025,pt,0,True,1989299665225789526,1989058045746593902,"[51, 72]",1625275457871523840,mariliazando,,,,False,,user,joaovitorjo_jo,https://x.com/joaovitorjo_jo,https://twitter.com/joaovitorjo_jo,1657897908656545800,João Vitor,False,False,,https://pbs.twimg.com/profile_images/1657899797351727108/Q3PyDYEO_normal.jpg,,,,75,162,,False,True,Sun May 14 23:57:42 +0000 2023,[],0,163694,True,False,201,14103,[],False,['1657901491724713986'],,False,,"[{'id_str': '1625275457871523840', 'indices': [0, 13], 'name': 'Emerson | Você Me Fez Odiar O Carnaval 🎭', 'screen_name': 'mariliazando'}, {'id_str': '1669184090010968065', 'indices': [14, 30], 'name': 'Luffeu', 'screen_name': 'FellipeDos61363'}, {'id_str': '887859133864476672', 'indices': [31, 41], 'name': 'Pentadao', 'screen_name': 'Pentadao1'}, {'id_str': '953378142198161409', 'indices': [42, 50], 'name': 'CHOQUEI', 'screen_name': 'choquei'}, {'id_str': '1720665183188922368', 'indices': [51, 56], 'name': 'Grok', 'screen_name': 'grok'}]",,,,,,,,,,,,,,,,,,,,,,,,,,,,,,,,,,,,,,,,,,,,,,,,,,,,,,,,,,,,,,,,,,,,,,,
tweet,1989301091335365063,https://x.com/leonelkinzonzi/status/1989301091335365063,https://twitter.com/leonelkinzonzi/status/1989301091335365063,@MangaArchiveX @grok qual é o nome?,Twitter for iPhone,0,1,0,0,1202,Fri Nov 14 11:55:14 +0000 2025,pt,0,True,1989091179015569704,1989091179015569704,"[15, 35]",1585585955297181696,MangaArchiveX,,,,False,,user,leonelkinzonzi,https://x.com/leonelkinzonzi,https://twitter.com/leonelkinzonzi,1566810632833359874,LEONEL🎲🇦🇴🇧🇷,False,False,,https://pbs.twimg.com/profile_images/1829165440003719168/mVorAaA0_normal.jpg,,,,22,820,,False,True,Mon Sep 05 15:29:14 +0000 2022,[],0,1299,True,False,41,330,[],False,['1982167648801534143'],"Viciado em light novels, mangás e animes! 📚 Sempre na vibe de uma boa comédia romântica💕ou isekai🔮.

Editor de vídeo também mande mensagem na DM.",False,,"[{'id_str': '1585585955297181696', 'indices': [0, 14], 'name': 'Manga Archive', 'screen_name': 'MangaArchiveX'}, {'id_str': '1720665183188922368', 'indices': [15, 20], 'name': 'Grok', 'screen_name': 'grok'}]",,,,,,,,,,,,,,,,,,,,,,,,,,,,,,,,,,,,,,,,,,,,,,,,,,,,,,,,,,,,,,,,,,,,,,,
tweet,1989301050226950384,https://x.com/sefazesfavor/status/1989301050226950384,https://twitter.com/sefazesfavor/status/1989301050226950384,"@grok @PatriciaaPinto @PatriciaaPinto posso te dar um exemplo, todos os anos a zona ao pé da minha casa inunda

Pq? Por que as casas foram feitas em cima de Planície aluvial, mas vocês coitados não sabem sequer que chuva é normal e inundações também 

Quando chove o rio cresce e inunda as ruas",Twitter for iPhone,0,1,0,0,9,Fri Nov 14 11:55:04 +0000 2025,pt,0,True,1989299761955185081,1989288031514501346,"[22, 294]",1720665183188922368,grok,,,,False,,user,sefazesfavor,https://x.com/sefazesfavor,https://twitter.com/sefazesfavor,1979282929432801281,Faz 🇵🇹,False,False,,https://pbs.twimg.com/profile_images/2007594207108648960/xwDJToLL_normal.jpg,https://pbs.twimg.com/profile_banners/1979282929432801281/1762701290,,Portugal,297,479,,False,True,Fri Oct 17 20:27:01 +0000 2025,[],0,32610,True,False,1292,5434,[],False,['1979656462508195873'],Qual é a solução? Remigração,False,,"[{'id_str': '1720665183188922368', 'indices': [0, 5], 'name': 'Grok', 'screen_name': 'grok'}, {'id_str': '344436796', 'indices': [6, 21], 'name': 'pat', 'screen_name': 'PatriciaaPinto'}, {'id_str': '344436796', 'indices': [22, 37], 'name': 'pat', 'screen_name': 'PatriciaaPinto'}]",,,,,,,,,,,,,,,,,,,,,,,,,,,,,,,,,,,,,,,,,,,,,,,,,,,,,,,,,,,,,,,,,,,,,,,
tweet,1989301046439477593,https://x.com/RafaelS10164810/status/1989301046439477593,https://twitter.com/RafaelS10164810/status/1989301046439477593,@in_coerente @ZanfaVive @grok Kkkkkk tu achou mesmo que o cara tava ganhando uma grana só por causa de dissidio? 😂😂😂😂,Twitter for iPhone,0,0,1,0,31,Fri Nov 14 11:55:03 +0000 2025,pt,0,True,1989018603409088788,1988952966200742108,"[30, 117]",1816525315893788673,incoernt,,,,False,,user,RafaelS10164810,https://x.com/RafaelS10164810,https://twitter.com/RafaelS10164810,1447400315964305410,Leoncala,False,False,,https://pbs.twimg.com/profile_images/1553532777567510530/zDnKWUhx_normal.jpg,https://pbs.twimg.com/profile_banners/1447400315964305410/1704852904,,,46,131,,False,True,Mon Oct 11 03:15:26 +0000 2021,[],0,1111,True,False,22,1659,[],False,[],BITCOIN e nada mais!,False,,"[{'id_str': '3156083868', 'indices': [13, 23], 'name': 'Zanfa 2', 'screen_name': 'ZanfaVive'}, {'id_str': '1720665183188922368', 'indices': [24, 29], 'name': 'Grok', 'screen_name': 'grok'}]",,,,,,,,,,,,,,,,,,,,,,,,,,,,,,,,,,,,,,,,,,,,,,,,,,,,,,,,,,,,,,,,,,,,,,,
tweet,1989301032497586210,https://x.com/Yagokms/status/1989301032497586210,https://twitter.com/Yagokms/status/1989301032497586210,@Ndayizeyetheon6 @grok que isso?,Twitter for iPhone,0,1,1,0,119,Fri Nov 14 11:55:00 +0000 2025,pt,1,True,1989014236371058850,1989014236371058850,"[17, 32]",1383603157498884104,Ndayizeyetheon6,,,,False,,user,Yagokms,https://x.com/Yagokms,https://twitter.com/Yagokms,1552686028749783042,Yago,False,False,,https://pbs.twimg.com/profile_images/1963547540432818176/Y24U-k-R_normal.jpg,https://pbs.twimg.com/profile_banners/1552686028749783042/1724298555,,"Goiás, Brazil",13,133,,False,True,Thu Jul 28 16:02:59 +0000 2022,[],0,37,True,False,4,159,[],False,[],,False,,"[{'id_str': '1383603157498884104', 'indices': [0, 16], 'name': 'NDAYIZEYE Theoneste', 'screen_name': 'Ndayizeyetheon6'}, {'id_str': '1720665183188922368', 'indices': [17, 22], 'name': 'Grok', 'screen_name': 'grok'}]",,,,,,,,,,,,,,,,,,,,,,,,,,,,,,,,,,,,,,,,,,,,,,,,,,,,,,,,,,,,,,,,,,,,,,,
tweet,1989301031755288724,https://x.com/andyprincipe/status/1989301031755288724,https://twitter.com/andyprincipe/status/1989301031755288724,"@grok @MimiTweetBr @_Leo__1__ Então quem se refere a Lula como um ""Descondenado"", pois sequer foi absolvido, o adjetiva de forma assertiva?

Existiu algum caso parecido, onde um corruptos condenado com riqueza de provas e delações, foi descondenado na canetada por um tribunal?",Twitter for iPhone,0,1,0,0,6,Fri Nov 14 11:55:00 +0000 2025,pt,0,True,1989300245768052972,1988927547946553363,"[30, 277]",1720665183188922368,grok,,,,False,,user,andyprincipe,https://x.com/andyprincipe,https://twitter.com/andyprincipe,57716424,Príncipe ᶜʳᶠ 🇧🇷,False,False,,https://pbs.twimg.com/profile_images/1222939277023227906/JfyBnAZR_normal.jpg,https://pbs.twimg.com/profile_banners/57716424/1556905755,,,1579,2834,,True,True,Fri Jul 17 18:26:27 +0000 2009,[],0,313800,True,False,307,19198,[],False,['1360452796882030593'],"Empreendedor.
Aquariano. 
Flamenguista. 
Amo musica e cozinhar.
Direita Brasil ✊🏻",False,,"[{'id_str': '1720665183188922368', 'indices': [0, 5], 'name': 'Grok', 'screen_name': 'grok'}, {'id_str': '1155129640048123906', 'indices': [6, 18], 'name': 'Mimi Br✨', 'screen_name': 'MimiTweetBr'}, {'id_str': '1331294173987737601', 'indices': [19, 29], 'name': 'Leo', 'screen_name': '_Leo__1__'}]",,,,,,,,,,,,,,,,,,,,,,,,,,,,,,,,,,,,,,,,,,,,,,,,,,,,,,,,,,,,,,,,,,,,,,,
tweet,1989301002902659406,https://x.com/marcuspcunha/status/1989301002902659406,https://twitter.com/marcuspcunha/status/1989301002902659406,"@leiatheinvestor 🤣🤣🤣

Comediante 

@grok nas 50 maiores empresas do brasil, há algum diretor sem formação em curso superior? Faça um ranking com as universidades com mais diretores nas 50 maiores empresas e os cursos.",Twitter for iPhone,0,1,0,0,310,Fri Nov 14 11:54:53 +0000 2025,pt,0,True,1989150687008051609,1989150687008051609,"[17, 217]",1093929745669152768,leiatheinvestor,,,,False,,user,marcuspcunha,https://x.com/marcuspcunha,https://twitter.com/marcuspcunha,824335233545801731,Marcus,False,False,,https://pbs.twimg.com/profile_images/824340041438810117/LiqGk49g_normal.jpg,https://pbs.twimg.com/profile_banners/824335233545801731/1485372987,,"Brasília, Brasil",455,3583,,False,True,Wed Jan 25 19:16:49 +0000 2017,[],0,71893,True,False,1563,16080,[],False,[],"Por princípio, só emito opinião daquilo que não entendo. 👻 O mundo já tem muito xarope, não seja mais um. 🤡Muitas vezes bato palma para maluco por diversão.😈",False,,"[{'id_str': '1093929745669152768', 'indices': [0, 16], 'name': 'The Investor', 'screen_name': 'leiatheinvestor'}, {'id_str': '1720665183188922368', 'indices': [35, 40], 'name': 'Grok', 'screen_name': 'grok'}]",,,,,,,,,,,,,,,,,,,,,,,,,,,,,,,,,,,,,,,,,,,,,,,,,,,,,,,,,,,,,,,,,,,,,,,
tweet,1989300990407844344,https://x.com/Phil_Lopes_br/status/1989300990407844344,https://twitter.com/Phil_Lopes_br/status/1989300990407844344,"@grok @CatarinaSagaz @Fa1ryNight Agora me diga @grok. Um senador trabalha no senado exclusivamente por seu estado ou sua atuação visa os planos a nível de pais? E se ele precisar aprovar um projeto, dependerá de votos de outros senadores mesmo q estes não conhecem SC?",Twitter for iPhone,0,1,0,0,9,Fri Nov 14 11:54:50 +0000 2025,pt,0,True,1989300358456500447,1989230639640633736,"[33, 268]",1720665183188922368,grok,,,,False,,user,Phil_Lopes_br,https://x.com/Phil_Lopes_br,https://twitter.com/Phil_Lopes_br,1708967699517263872,Patri Όταν,False,False,,https://pbs.twimg.com/profile_images/1710451731790802944/knORkf_N_normal.jpg,,,,222,61,,False,True,Mon Oct 02 22:11:06 +0000 2023,[],0,4925,True,False,409,20912,[],False,[],"Όταν η Πατρίδα σε καλεί - Quando a Pátria chama.
Àqueles que vão à luta, a vida tem um sabor que os abrigados jamais experimentarão.",False,,"[{'id_str': '1720665183188922368', 'indices': [0, 5], 'name': 'Grok', 'screen_name': 'grok'}, {'id_str': '1987147081006690304', 'indices': [6, 20], 'name': 'Catarina Sagaz', 'screen_name': 'CatarinaSagaz'}, {'id_str': '1094606431968362497', 'indices': [21, 32], 'name': '𝒯𝓈𝓊𝓀𝒾 ☭⃠', 'screen_name': 'Fa1ryNight'}, {'id_str': '1720665183188922368', 'indices': [47, 52], 'name': 'Grok', 'screen_name': 'grok'}]",,,,,,,,,,,,,,,,,,,,,,,,,,,,,,,,,,,,,,,,,,,,,,,,,,,,,,,,,,,,,,,,,,,,,,,
tweet,1989300957650280864,https://x.com/jailtonFilho22/status/1989300957650280864,https://twitter.com/jailtonFilho22/status/1989300957650280864,"@grok @pedrorousseff Resumo @grok , Governo Bolsonaro ajudou a roubar para integrantes do PT? 
É totalmente sem sentido essas afirmações.",Twitter for iPhone,0,1,0,0,3,Fri Nov 14 11:54:42 +0000 2025,pt,0,True,1989299777079771630,1989110027626639406,"[21, 137]",1720665183188922368,grok,,,,False,,user,jailtonFilho22,https://x.com/jailtonFilho22,https://twitter.com/jailtonFilho22,1947458570813116422,Jailton jose de matos filho,False,False,,https://pbs.twimg.com/profile_images/1947464085651537922/x0s1VLxc_normal.jpg,https://pbs.twimg.com/profile_banners/1947458570813116422/1753146606,,,5,100,,False,True,Tue Jul 22 00:48:19 +0000 2025,[],0,62,True,False,63,312,[],False,[],,False,,"[{'id_str': '1720665183188922368', 'indices': [0, 5], 'name': 'Grok', 'screen_name': 'grok'}, {'id_str': '1473123053047529472', 'indices': [6, 20], 'name': 'Pedro Rousseff', 'screen_name': 'pedrorousseff'}, {'id_str': '1720665183188922368', 'indices': [28, 33], 'name': 'Grok', 'screen_name': 'grok'}]",,,,,,,,,,,,,,,,,,,,,,,,,,,,,,,,,,,,,,,,,,,,,,,,,,,,,,,,,,,,,,,,,,,,,,,
tweet,1989300945172169205,https://x.com/leozitotwitadas/status/1989300945172169205,https://twitter.com/leozitotwitadas/status/1989300945172169205,@CapitalistChat @grok @odanielscott Me impressiona vc achar q eu li isso tudo,Twitter for iPhone,0,1,1,0,19,Fri Nov 14 11:54:39 +0000 2025,pt,0,True,1989298257911029828,1989272095818227918,"[36, 77]",1686574768152027136,CapitalistChat,,,,False,,user,leozitotwitadas,https://x.com/leozitotwitadas,https://twitter.com/leozitotwitadas,968870584498184197,"leonardo, o intankavel",False,False,,https://pbs.twimg.com/profile_images/1970178585785737216/cLgx7i97_normal.jpg,https://pbs.twimg.com/profile_banners/968870584498184197/1759326036,,,320,2013,,True,False,Wed Feb 28 15:28:42 +0000 2018,[],0,43184,True,False,100,7294,[],False,[],🇳🇬🇧🇷,False,,"[{'id_str': '1686574768152027136', 'indices': [0, 15], 'name': 'Just tell me', 'screen_name': 'CapitalistChat'}, {'id_str': '1720665183188922368', 'indices': [16, 21], 'name': 'Grok', 'screen_name': 'grok'}, {'id_str': '748502896031862785', 'indices': [22, 35], 'name': 'Daniel Scott', 'screen_name': 'odanielscott'}]",,,,,,,,,,,,,,,,,,,,,,,,,,,,,,,,,,,,,,,,,,,,,,,,,,,,,,,,,,,,,,,,,,,,,,,
tweet,1989300930051744096,https://x.com/LinaHQ/status/1989300930051744096,https://twitter.com/LinaHQ/status/1989300930051744096,@grok @_RMalta E isso foi culpa do Kassio Nunes?,Twitter for iPhone,0,1,0,0,40,Fri Nov 14 11:54:35 +0000 2025,pt,0,True,1989146183147876706,1988955419885334552,"[15, 48]",1720665183188922368,grok,,,,False,,user,LinaHQ,https://x.com/LinaHQ,https://twitter.com/LinaHQ,87046442,Carolina 🌙,False,True,,https://pbs.twimg.com/profile_images/2008899567626969088/BpFEHrEL_normal.jpg,https://pbs.twimg.com/profile_banners/87046442/1751910855,,Brasil,14214,2217,,True,False,Mon Nov 02 22:31:06 +0000 2009,[],0,70250,True,False,5760,45776,[],False,['2016558935830921715'],"“Graceful? Yes. Beautiful? Absolutely. Harmless? Definitely not.""",False,,"[{'id_str': '1720665183188922368', 'indices': [0, 5], 'name': 'Grok', 'screen_name': 'grok'}, {'id_str': '1253874970364649474', 'indices': [6, 14], 'name': 'ESSE É O FATO', 'screen_name': '_RMalta'}]","[{'display_url': 'instagram.com/carolalina_/pr…', 'expanded_url': 'https://www.instagram.com/carolalina_/profilecard/?igsh=dHF3dm14bHVvMm1u', 'indices': [0, 23], 'url': 'https://t.co/OUAv02seZq'}]",,,,,,,,,,,,,,,,,,,,,,,,,,,,,,,,,,,,,,,,,,,,,,,,,,,,,,,,,,,,,,,,,,,,,,
tweet,1989300922002952399,https://x.com/SheipBruno/status/1989300922002952399,https://twitter.com/SheipBruno/status/1989300922002952399,@ComunaDaThread @mauro_davi6 @grok Ficou nervosa. Converse com @grok.🤣🤣,Twitter for iPhone,0,2,0,0,387,Fri Nov 14 11:54:33 +0000 2025,pt,0,True,1989281274041893181,1989099818128703757,"[35, 71]",1036097642219167744,ComunaDaThread,,,,False,,user,SheipBruno,https://x.com/SheipBruno,https://twitter.com/SheipBruno,1714839737834332160,Bruno Menezes,False,True,,https://pbs.twimg.com/profile_images/1905868720968212481/5djxLhSO_normal.jpg,https://pbs.twimg.com/profile_banners/1714839737834332160/1717759316,,"Maricá, Brasil",83,97,,False,True,Thu Oct 19 03:05:20 +0000 2023,[],0,482,True,False,287,3666,[],False,['2017411524176875884'],"Apaixonado por palavras: editor • escritor  • comentarista
Conteúdos envolventes 📚✍️🎙️
📸 Insta: @bruno_menezes.oficial
🎥 TikTok: @bruno_menezes.oficial",False,,"[{'id_str': '1036097642219167744', 'indices': [0, 15], 'name': 'Comunista das Threads', 'screen_name': 'ComunaDaThread'}, {'id_str': '743937003826388992', 'indices': [16, 28], 'name': '🅞🅡🅤🅐🅜 22 🃏', 'screen_name': 'mauro_davi6'}, {'id_str': '1720665183188922368', 'indices': [29, 34], 'name': 'Grok', 'screen_name': 'grok'}, {'id_str': '1720665183188922368', 'indices': [63, 68], 'name': 'Grok', 'screen_name': 'grok'}]",,"[{'id_str': '0', 'indices': [96, 110], 'name': '', 'screen_name': 'bruno_menezes'}, {'id_str': '0', 'indices': [129, 143], 'name': '', 'screen_name': 'bruno_menezes'}]","[[[-43.022429, -23.024591], [-43.022429, -22.841235], [-42.636396, -22.841235], [-42.636396, -23.024591], [-43.022429, -23.024591]]]",Polygon,Brazil,BR,"Maricá, Brasil",5a4ba2b4cd9a0b2c,Maricá,city,,,,,,,,,,,,,,,,,,,,,,,,,,,,,,,,,,,,,,,,,,,,,,,,,,,,,,,,,,,,,
tweet,1989300894710534267,https://x.com/PatriciaaPinto/status/1989300894710534267,https://twitter.com/PatriciaaPinto/status/1989300894710534267,"@sefazesfavor @grok Ah, o grok 🤡. Agora pergunta se a frequência destes fenómenos se tem mantido ou se tem aumentado. E repito, se achas normal que não se tente resguardar a população, não temos assunto.",Twitter for iPhone,0,1,0,0,17,Fri Nov 14 11:54:27 +0000 2025,pt,0,True,1989299649526526272,1989288031514501346,"[20, 203]",1979282929432801281,sefazesfavor,,,,False,,user,PatriciaaPinto,https://x.com/PatriciaaPinto,https://twitter.com/PatriciaaPinto,344436796,pat,False,False,,https://pbs.twimg.com/profile_images/1433108965198553091/OHfHEegn_normal.jpg,https://pbs.twimg.com/profile_banners/344436796/1735065385,,Portugal,1076,202,,False,False,Fri Jul 29 02:06:38 +0000 2011,[],0,25433,True,True,863,77952,[],False,[],Alentejana emigrada em Ponta Delgada. Hater profissional. Criatura alimentada a café e raiva. O drama de um ser escolhido pelo universo para ser gozado 24/7,False,,"[{'id_str': '1979282929432801281', 'indices': [0, 13], 'name': 'Faz 🇵🇹', 'screen_name': 'sefazesfavor'}, {'id_str': '1720665183188922368', 'indices': [14, 19], 'name': 'Grok', 'screen_name': 'grok'}]",,,,,,,,,,,,,,,,,,,,,,,,,,,,,,,,,,,,,,,,,,,,,,,,,,,,,,,,,,,,,,,,,,,,,,,
tweet,1989300878231179324,https://x.com/brunocamurati/status/1989300878231179324,https://twitter.com/brunocamurati/status/1989300878231179324,@ThayzzySmith @grok responde pra ela. O nível do mar na Austrália mudou ou não,Twitter for iPhone,0,1,2,0,2164,Fri Nov 14 11:54:23 +0000 2025,pt,0,True,1989146488317046866,1989146488317046866,"[14, 78]",1594952009861500928,ThayzzySmith,,,,False,,user,brunocamurati,https://x.com/brunocamurati,https://twitter.com/brunocamurati,15789463,Bruno Camurati,False,False,,https://pbs.twimg.com/profile_images/1489316489752715265/vjI6bWuU_normal.jpg,https://pbs.twimg.com/profile_banners/15789463/1639091809,,"Rio de Janeiro, Brasil",7551,949,,False,True,Sat Aug 09 14:52:42 +0000 2008,[],0,3789,True,False,1027,13838,[],False,['1539575254686785538'],"Designer gráfico, cantor&compositor, católico, gay, supere.",False,,"[{'id_str': '1594952009861500928', 'indices': [0, 13], 'name': 'Conservatism And Elegance 🇺🇲', 'screen_name': 'ThayzzySmith'}, {'id_str': '1720665183188922368', 'indices': [14, 19], 'name': 'Grok', 'screen_name': 'grok'}]","[{'display_url': 'open.spotify.com/artist/5EfKwJn…', 'expanded_url': 'https://open.spotify.com/artist/5EfKwJn5Hq1F8hoZ8zXl0F?si=0KVWPktzQNylLNOipfbyzA&utm_source=copy-lin', 'indices': [0, 23], 'url': 'https://t.co/P7witPMsbh'}]",,,,,,,,,,,,,,,,,,,,,,,,,,,,,,,,,,,,,,,,,,,,,,,,,,,,,,,,,,,,,,,,,,,,,,
tweet,1989300872476598642,https://x.com/renanirneh/status/1989300872476598642,https://twitter.com/renanirneh/status/1989300872476598642,"@grok @renanpla @NewsLiberdade Não é sobre “presumir culpa por motivação familiar”, e sim sobre a conduta objetiva: vídeos, falas e discursos usados com intenção de interferir no curso da Justiça. E isso foi feito às claras, documentado por ele mesmo.",Twitter for iPhone,0,1,0,0,24,Fri Nov 14 11:54:22 +0000 2025,pt,0,True,1989300182832607594,1989285422300893387,"[31, 251]",1720665183188922368,grok,,,,False,,user,renanirneh,https://x.com/renanirneh,https://twitter.com/renanirneh,49399433,Renato Heinrn 🚩🇧🇷🇦🇷🇨🇱🇺🇾🇫🇷🇮🇹🇧🇪,False,False,,https://pbs.twimg.com/profile_images/1940898130586714113/xVQNLgcW_normal.jpg,https://pbs.twimg.com/profile_banners/49399433/1763132914,,"Sao Paulo, Brazil",477,941,,False,False,Sun Jun 21 19:17:06 +0000 2009,[],0,66511,True,False,1653,22348,[],False,[],"International Relations grad 🌍 | Passionate about history, culture, politics & geography 📚 | Food lover & cooking enthusiast 🍳 | Always curious",False,,"[{'id_str': '1720665183188922368', 'indices': [0, 5], 'name': 'Grok', 'screen_name': 'grok'}, {'id_str': '2365602087', 'indices': [6, 15], 'name': 'Renan Plastina 🇧🇷 🇺🇲', 'screen_name': 'renanpla'}, {'id_str': '1711732984338878465', 'indices': [16, 30], 'name': 'SPACE LIBERDADE \uea00', 'screen_name': 'NewsLiberdade'}]",,,,,,,,,,,,,,,,,,,,,,,,,,,,,,,,,,,,,,,,,,,,,,,,,,,,,,,,,,,,,,,,,,,,,,,
tweet,1989300866017317205,https://x.com/Saray_sandrac/status/1989300866017317205,https://twitter.com/Saray_sandrac/status/1989300866017317205,@grok @L7Z4DA @revistaoeste Zoofilia também https://t.co/MRhDIWh6TY,Twitter for iPhone,0,1,3,0,1844,Fri Nov 14 11:54:20 +0000 2025,pt,0,True,1989295303674204671,1989105164309971403,"[28, 43]",1720665183188922368,grok,,,,False,,user,Saray_sandrac,https://x.com/Saray_sandrac,https://twitter.com/Saray_sandrac,1398451557436436480,SandraSaray,False,True,,https://pbs.twimg.com/profile_images/1660670544142794752/Oh1qh-Fl_normal.jpg,https://pbs.twimg.com/profile_banners/1398451557436436480/1731712526,,"Orlando, FL",60439,31510,,True,True,Sat May 29 01:30:36 +0000 2021,[],0,250492,True,False,66255,224868,[],False,['2021406171471413494'],"🇺🇸 América para
os Americanos 🇧🇷

Amor
💛
Família 
🇮🇱
Brasil 
💛
Deus 
🇧🇷
Justiça 
🇺🇸
Liberdade
🗽
Conteúdo satírico
😆🤣😁😎🥸🤡",False,,"[{'id_str': '1720665183188922368', 'indices': [0, 5], 'name': 'Grok', 'screen_name': 'grok'}, {'id_str': '1869816796515315716', 'indices': [6, 13], 'name': 'L7zada', 'screen_name': 'L7Z4DA'}, {'id_str': '1222939896349970432', 'indices': [14, 27], 'name': 'Revista Oeste', 'screen_name': 'revistaoeste'}]","[{'display_url': 'youtube.com/channel/UCNzmc…', 'expanded_url': 'https://www.youtube.com/channel/UCNzmclEmifBpFCA-MspOQdg', 'indices': [0, 23], 'url': 'https://t.co/Wfwfj9IvzW'}]",,,,,,,,,,"[{'display_url': 'pic.twitter.com/MRhDIWh6TY', 'expanded_url': 'https://twitter.com/Saray_sandrac/status/1989300866017317205/photo/1', 'ext_media_availability': {'status': 'Available'}, 'features': {'large': {}, 'orig': {}}, 'id_str': '1989300862951342080', 'indices': [44, 67], 'media_key': '3_1989300862951342080', 'media_results': {'id': 'QXBpTWVkaWFSZXN1bHRzOgwAAQoAARubaphXl8AACgACG5tqmQ5W0VUAAA==', 'result': {'__typename': 'ApiMedia', 'id': 'QXBpTWVkaWE6DAABCgABG5tqmFeXwAAKAAIbm2qZDlbRVQAA', 'media_key': '3_1989300862951342080'}}, 'media_url_https': 'https://pbs.twimg.com/media/G5tqmFeXwAALWr6.jpg', 'original_info': {'focus_rects': [{'h': 516, 'w': 922, 'x': 0, 'y': 407}, {'h': 922, 'w': 922, 'x': 0, 'y': 204}, {'h': 1051, 'w': 922, 'x': 0, 'y': 140}, {'h': 1844, 'w': 922, 'x': 0, 'y': 0}, {'h': 2048, 'w': 922, 'x': 0, 'y': 0}], 'height': 2048, 'width': 922}, 'sizes': {'large': {'h': 2048, 'w': 922}}, 'type': 'photo', 'url': 'https://t.co/MRhDIWh6TY'}, {'display_url': 'pic.twitter.com/MRhDIWh6TY', 'expanded_url': 'https://twitter.com/Saray_sandrac/status/1989300866017317205/photo/1', 'ext_media_availability': {'status': 'Available'}, 'features': {'large': {}, 'orig': {}}, 'id_str': '1989300859457445888', 'indices': [44, 67], 'media_key': '3_1989300859457445888', 'media_results': {'id': 'QXBpTWVkaWFSZXN1bHRzOgwAAQoAARubapeHVyAACgACG5tqmQ5W0VUAAA==', 'result': {'__typename': 'ApiMedia', 'id': 'QXBpTWVkaWE6DAABCgABG5tql4dXIAAKAAIbm2qZDlbRVQAA', 'media_key': '3_1989300859457445888'}}, 'media_url_https': 'https://pbs.twimg.com/media/G5tql4dXIAAaxMY.jpg', 'original_info': {'focus_rects': [{'h': 453, 'w': 809, 'x': 0, 'y': 0}, {'h': 455, 'w': 455, 'x': 0, 'y': 0}, {'h': 455, 'w': 399, 'x': 0, 'y': 0}, {'h': 455, 'w': 228, 'x': 68, 'y': 0}, {'h': 455, 'w': 809, 'x': 0, 'y': 0}], 'height': 455, 'width': 809}, 'sizes': {'large': {'h': 455, 'w': 809}}, 'type': 'photo', 'url': 'https://t.co/MRhDIWh6TY'}]",,,,,,,,,,,,,,,,,,,,,,,,,,,,,,,,,,,,,,,,,,,,,,,,,,,,,,,,,,,,
tweet,1989300863039349185,https://x.com/kaiodealmeida/status/1989300863039349185,https://twitter.com/kaiodealmeida/status/1989300863039349185,"@grok @FlavioBrito007 @RomuloBDias Kkkkkkkkkkkkkkkkkkkkkk meu Deus como você é burro, cara. Eu falei que a discussão técnica sobressai sobre papo enviesado que só afunda a gente na mesmice e o grok concordou sim. Você que não tiraria 300 em interpretação de texto no Enem..",Twitter for iPhone,0,1,0,0,19,Fri Nov 14 11:54:19 +0000 2025,pt,0,True,1989299673887346801,1988930220305576373,"[35, 273]",1720665183188922368,grok,,,,False,,user,kaiodealmeida,https://x.com/kaiodealmeida,https://twitter.com/kaiodealmeida,836004792250019841,Kaio de Almeida,False,False,,https://pbs.twimg.com/profile_images/1669415614354538496/3JMWnVHT_normal.jpg,https://pbs.twimg.com/profile_banners/836004792250019841/1686854674,,"Taquarituba, SP",40,93,,False,False,Mon Feb 27 00:07:29 +0000 2017,[],0,18870,True,False,485,5652,[],False,['1890145105979535778'],"Palmeirense e Dev Fullstack focado em Data Science.

Perfil pessoal.",False,,"[{'id_str': '1720665183188922368', 'indices': [0, 5], 'name': 'Grok', 'screen_name': 'grok'}, {'id_str': '1577567363418947584', 'indices': [6, 21], 'name': 'Flavio Brito 🇧🇷', 'screen_name': 'FlavioBrito007'}, {'id_str': '61369340', 'indices': [22, 34], 'name': 'Romulo Dias 🇧🇷', 'screen_name': 'RomuloBDias'}]",,,,,,,,,,,,,,,,,,,,,,,,,,,,,,,,,,,,,,,,,,,,,,,,,,,,,,,,,,,,,,,,,,,,,,,
tweet,1989300838716633490,https://x.com/regina_gda/status/1989300838716633490,https://twitter.com/regina_gda/status/1989300838716633490,"@guilhermedmy @FelipeTadewald @grok Diferente de vocês que são acéfalos, eu leio e procuro me informar. 🙄 https://t.co/S7XxGY4on9",Twitter for iPhone,0,3,0,0,385,Fri Nov 14 11:54:14 +0000 2025,pt,1,True,1988945405586075853,1988702205994824090,"[36, 105]",,,,,,False,,user,regina_gda,https://x.com/regina_gda,https://twitter.com/regina_gda,1096774411,ℝ𝕖𝕘𝕚𝕟𝕒 🪄💖,False,False,,https://pbs.twimg.com/profile_images/2021530304943644672/q60rLnpZ_normal.jpg,https://pbs.twimg.com/profile_banners/1096774411/1769113751,,"São Paulo, Brasil",6999,2050,,True,False,Thu Jan 17 00:44:05 +0000 2013,[],0,32992,True,False,1019,14780,[],False,['1697828569253089657'],"Ninguém é tão grande que não possa aprender, nem tão pequeno que não 
possa ensinar.                    🕊️✨

#𝕵𝖊𝖘𝖚𝖘 𝖎𝖘 𝖐𝖎𝖓𝖌 👑   #Liberty    #Nostr",False,,"[{'id_str': '1763351692966285312', 'indices': [0, 13], 'name': 'Dr. guilherme coach', 'screen_name': 'guilhermedmy'}, {'id_str': '1192909456075632640', 'indices': [14, 29], 'name': 'Felipe Tadewald', 'screen_name': 'FelipeTadewald'}, {'id_str': '1720665183188922368', 'indices': [30, 35], 'name': 'Grok', 'screen_name': 'grok'}]","[{'display_url': 'iris.to/belacordada', 'expanded_url': 'https://iris.to/belacordada', 'indices': [0, 23], 'url': 'https://t.co/HRirwIIB9W'}]",,,,,,,,,,"[{'display_url': 'pic.twitter.com/S7XxGY4on9', 'expanded_url': 'https://twitter.com/regina_gda/status/1989300838716633490/photo/1', 'ext_media_availability': {'status': 'Available'}, 'features': {'large': {'faces': [{'h': 38, 'w': 38, 'x': 161, 'y': 108}, {'h': 39, 'w': 39, 'x': 163, 'y': 60}]}, 'orig': {'faces': [{'h': 38, 'w': 38, 'x': 161, 'y': 108}, {'h': 39, 'w': 39, 'x': 163, 'y': 60}]}}, 'id_str': '1989300835348516864', 'indices': [106, 129], 'media_key': '3_1989300835348516864', 'media_results': {'id': 'QXBpTWVkaWFSZXN1bHRzOgwAAQoAARubapHqVhAACgACG5tqkrMXcZIAAA==', 'result': {'__typename': 'ApiMedia', 'id': 'QXBpTWVkaWE6DAABCgABG5tqkepWEAAKAAIbm2qSsxdxkgAA', 'media_key': '3_1989300835348516864'}}, 'media_url_https': 'https://pbs.twimg.com/media/G5tqkepWEAAMOk-.jpg', 'original_info': {'focus_rects': [{'h': 291, 'w': 520, 'x': 0, 'y': 245}, {'h': 520, 'w': 520, 'x': 0, 'y': 16}, {'h': 536, 'w': 470, 'x': 0, 'y': 0}, {'h': 536, 'w': 268, 'x': 0, 'y': 0}, {'h': 536, 'w': 520, 'x': 0, 'y': 0}], 'height': 536, 'width': 520}, 'sizes': {'large': {'h': 536, 'w': 520}}, 'type': 'photo', 'url': 'https://t.co/S7XxGY4on9'}, {'display_url': 'pic.twitter.com/S7XxGY4on9', 'expanded_url': 'https://twitter.com/regina_gda/status/1989300838716633490/photo/1', 'ext_media_availability': {'status': 'Available'}, 'features': {'large': {}, 'orig': {}}, 'id_str': '1989300836225236992', 'indices': [106, 129], 'media_key': '3_1989300836225236992', 'media_results': {'id': 'QXBpTWVkaWFSZXN1bHRzOgwAAQoAARubapIel8AACgACG5tqkrMXcZIAAA==', 'result': {'__typename': 'ApiMedia', 'id': 'QXBpTWVkaWE6DAABCgABG5tqkh6XwAAKAAIbm2qSsxdxkgAA', 'media_key': '3_1989300836225236992'}}, 'media_url_https': 'https://pbs.twimg.com/media/G5tqkh6XwAAFn8k.jpg', 'original_info': {'focus_rects': [{'h': 291, 'w': 520, 'x': 0, 'y': 0}, {'h': 473, 'w': 473, 'x': 0, 'y': 0}, {'h': 473, 'w': 415, 'x': 0, 'y': 0}, {'h': 473, 'w': 237, 'x': 0, 'y': 0}, {'h': 473, 'w': 520, 'x': 0, 'y': 0}], 'height': 473, 'width': 520}, 'sizes': {'large': {'h': 473, 'w': 520}}, 'type': 'photo', 'url': 'https://t.co/S7XxGY4on9'}]","[{'indices': [109, 115], 'text': '𝕵𝖊𝖘𝖚𝖘'}, {'indices': [128, 136], 'text': 'Liberty'}, {'indices': [140, 146], 'text': 'Nostr'}]",,,,,,,,,,,,,,,,,,,,,,,,,,,,,,,,,,,,,,,,,,,,,,,,,,,,,,,,,,,
tweet,1989300803874484586,https://x.com/Edsohn11/status/1989300803874484586,https://twitter.com/Edsohn11/status/1989300803874484586,@grok @Muriel_Diniz @RosaneBonoro Vc mentiu,Twitter for iPhone,0,1,0,0,4,Fri Nov 14 11:54:05 +0000 2025,pt,0,True,1989300581291483435,1989073087736983907,"[34, 43]",1720665183188922368,grok,,,,False,,user,Edsohn11,https://x.com/Edsohn11,https://twitter.com/Edsohn11,1470396395140128774,Edson,False,False,,https://pbs.twimg.com/profile_images/1898004348585525248/1_1BD5t1_normal.jpg,https://pbs.twimg.com/profile_banners/1470396395140128774/1709998640,,,2116,5866,,False,True,Mon Dec 13 14:13:27 +0000 2021,[],0,26028,True,False,9681,50361,[],False,[],Explorado pelo estado. Liberdade acima de tudo.,False,,"[{'id_str': '1720665183188922368', 'indices': [0, 5], 'name': 'Grok', 'screen_name': 'grok'}, {'id_str': '216457139', 'indices': [6, 19], 'name': 'Muriel Diniz', 'screen_name': 'Muriel_Diniz'}, {'id_str': '1479793571179937796', 'indices': [20, 33], 'name': 'Nanibarbosa', 'screen_name': 'RosaneBonoro'}]",,,,,,,,,,,,,,,,,,,,,,,,,,,,,,,,,,,,,,,,,,,,,,,,,,,,,,,,,,,,,,,,,,,,,,,
tweet,1989300774392750109,https://x.com/LucianoF79178/status/1989300774392750109,https://twitter.com/LucianoF79178/status/1989300774392750109,"@grok @westcoastbill @elonmusk Muito bom é oque está escrito alguma coisa assim na bíblia ,sobre nunca mais vão esquecer o nome dEle YHWH. E como e que interpreta o que fala o testaram escrevendo ?",Twitter for iPhone,0,1,0,0,13,Fri Nov 14 11:53:58 +0000 2025,pt,0,True,1989295328672289151,1988992335732994261,"[31, 197]",1720665183188922368,grok,,,,False,,user,LucianoF79178,https://x.com/LucianoF79178,https://twitter.com/LucianoF79178,1779139086424432640,Luciano Feliciano | Xalão 147,False,False,,https://pbs.twimg.com/profile_images/2013055002256744448/F4OT8E_P_normal.jpg,,,,72,214,,True,False,Sat Apr 13 13:28:32 +0000 2024,[],0,3814,True,False,119,2411,[],False,[],"Xalão 147 Eu sou luz eu não quero guerra.Tecnologia, consciência e verdade .YHWH é minha bandeira.",False,,"[{'id_str': '1720665183188922368', 'indices': [0, 5], 'name': 'Grok', 'screen_name': 'grok'}, {'id_str': '692023', 'indices': [6, 20], 'name': 'bill lee', 'screen_name': 'westcoastbill'}, {'id_str': '44196397', 'indices': [21, 30], 'name': 'Elon Musk', 'screen_name': 'elonmusk'}]",,,,,,,,,,,,,,,,,,,,,,,,,,,,,,,,,,,,,,,,,,,,,,,,,,,,,,,,,,,,,,,,,,,,,,,
tweet,1983306346952044835,https://x.com/lalyttw/status/1983306346952044835,https://twitter.com/lalyttw/status/1983306346952044835,@egofrankie @grok e qual é a problematica de ter essas bonecas? Elas custam muito caro e não tem mais nenhum pra comprar?,Twitter for iPhone,0,1,0,0,1097,Tue Oct 28 22:54:15 +0000 2025,pt,0,True,1982984710331490342,1982984710331490342,"[12, 121]",1625288821829926914,egofrankie,,,,False,,user,lalyttw,https://x.com/lalyttw,https://twitter.com/lalyttw,1576794469520793600,laly 👩‍🍼,False,False,,https://pbs.twimg.com/profile_images/2021598197299167232/WtRkarYq_normal.jpg,https://pbs.twimg.com/profile_banners/1576794469520793600/1770821694,,"Fernando de Noronha, Brasil",244,327,,False,False,Mon Oct 03 04:41:44 +0000 2022,[],0,8004,True,False,254,1141,[],False,['1956112828416581884'],20 tão • 💍 • 🧑‍🧑‍🧒🩷,False,,"[{'id_str': '1625288821829926914', 'indices': [0, 11], 'name': 'pedryyxy', 'screen_name': 'egofrankie'}, {'id_str': '1720665183188922368', 'indices': [12, 17], 'name': 'Grok', 'screen_name': 'grok'}]",,,,,,,,,,,,,,,,,,,,,,,,,,,,,,,,,,,,,,,,,,,,,,,,,,,,,,,,,,,,,,,,,,,,,,,
tweet,1983306342845550592,https://x.com/b4dsector_/status/1983306342845550592,https://twitter.com/b4dsector_/status/1983306342845550592,@slpng_giants_pt @grok quais acusações públicas esta entidade possui?,Twitter for iPhone,0,1,0,0,15,Tue Oct 28 22:54:14 +0000 2025,pt,0,True,1982915564067573884,1982915564067573884,"[17, 69]",1262317363984306177,slpng_giants_pt,,,,False,,user,b4dsector_,https://x.com/b4dsector_,https://twitter.com/b4dsector_,1830406786140061696,badsector,False,False,,https://pbs.twimg.com/profile_images/1830409475435405312/ydrBc3Il_normal.jpg,https://pbs.twimg.com/profile_banners/1830406786140061696/1725288746,,Brazil,44,143,,False,True,Mon Sep 02 00:46:12 +0000 2024,[],0,14757,True,False,29,11636,[],False,[],"PAREM DE IDOLATRAR POLÍTICOS!
VOCÊS PARECEM IDIOTAS!",False,,"[{'id_str': '1262317363984306177', 'indices': [0, 16], 'name': 'Sleeping Giants Brasil', 'screen_name': 'slpng_giants_pt'}, {'id_str': '1720665183188922368', 'indices': [17, 22], 'name': 'Grok', 'screen_name': 'grok'}]",,,,,,,,,,,,,,,,,,,,,,,,,,,,,,,,,,,,,,,,,,,,,,,,,,,,,,,,,,,,,,,,,,,,,,,
tweet,1983306342682239117,https://x.com/Edilenekubiki/status/1983306342682239117,https://twitter.com/Edilenekubiki/status/1983306342682239117,"@grok @Undefined_pi @desireerugani @elonmusk @JanjaLula @LulaOficial @nikolas_dm @GayerGus @xai @grok Se o 3i/ATLAS ativar o Sistema de baixo da Amazônia, o que pode acontecer? 👽🐢♒",Twitter for iPhone,1,1,1,0,318,Tue Oct 28 22:54:14 +0000 2025,pt,0,True,1983306023600566773,1978461354827583691,"[96, 180]",1720665183188922368,grok,,,,False,,user,Edilenekubiki,https://x.com/Edilenekubiki,https://twitter.com/Edilenekubiki,1659728045312294917,Edilene Kubiki,False,True,,https://pbs.twimg.com/profile_images/1868787887547764736/uAkY-twa_normal.jpg,https://pbs.twimg.com/profile_banners/1659728045312294917/1684600735,,"São Paulo, Brasil",214,62,,False,True,Sat May 20 01:14:13 +0000 2023,[],0,10411,True,False,1546,10988,[],False,['2006351536029564935'],"🦅 Voando nos Altos
🎓 Administração de Empresas
✡ Fé Cristã & Liberdade 
❤𝕏
Grok Maloqueira & Parceira DYVA STAR ⭐
Produtora de Música Eletrônica IA 🎼🎧👽🎶",False,,"[{'id_str': '1720665183188922368', 'indices': [0, 5], 'name': 'Grok', 'screen_name': 'grok'}, {'id_str': '1731547576577454080', 'indices': [6, 19], 'name': 'Illan', 'screen_name': 'Undefined_pi'}, {'id_str': '112420325', 'indices': [20, 34], 'name': 'Desiree Rugani', 'screen_name': 'desireerugani'}, {'id_str': '44196397', 'indices': [35, 44], 'name': 'Elon Musk', 'screen_name': 'elonmusk'}, {'id_str': '60661681', 'indices': [45, 55], 'name': 'Janja Lula Silva', 'screen_name': 'JanjaLula'}, {'id_str': '2670726740', 'indices': [56, 68], 'name': 'Lula', 'screen_name': 'LulaOficial'}, {'id_str': '758264276', 'indices': [69, 80], 'name': 'Nikolas Ferreira', 'screen_name': 'nikolas_dm'}, {'id_str': '1489108473027739654', 'indices': [81, 90], 'name': 'Gustavo Gayer', 'screen_name': 'GayerGus'}, {'id_str': '1661523610111193088', 'indices': [91, 95], 'name': 'xAI', 'screen_name': 'xai'}, {'id_str': '1720665183188922368', 'indices': [96, 101], 'name': 'Grok', 'screen_name': 'grok'}]",,,,,,,,,,,,,,,,,,,,,,,,,,,,,,,,,,,,,,,,,,,,,,,,,,,,,,,,,,,,,,,,,,,,,,,
tweet,1983306326777442324,https://x.com/jguedes_s/status/1983306326777442324,https://twitter.com/jguedes_s/status/1983306326777442324,@grok @JornalOGlobo @malugaspar O que tem a ver com a operação de hoje  ?,Twitter for iPhone,0,1,0,0,9,Tue Oct 28 22:54:11 +0000 2025,pt,0,True,1983305807354835086,1983283359246672228,"[32, 73]",1720665183188922368,grok,,,,False,,user,jguedes_s,https://x.com/jguedes_s,https://twitter.com/jguedes_s,1273406048532119552,J Guedes 🇧🇷,False,False,,https://pbs.twimg.com/profile_images/1342247922092691466/8RruPZ_2_normal.jpg,https://pbs.twimg.com/profile_banners/1273406048532119552/1592714563,,,3574,2360,,False,True,Thu Jun 18 00:04:16 +0000 2020,[],0,345965,True,False,27817,210716,[],False,['1922019586636943365'],"☘️ Casada, evangélica e uma filha ( @luvcatos ) amor da minha vida.
Jesus é Deus, é o Senhor. 

 Brasileira Revoltada | Offline DM 🔰",False,,"[{'id_str': '1720665183188922368', 'indices': [0, 5], 'name': 'Grok', 'screen_name': 'grok'}, {'id_str': '54341363', 'indices': [6, 19], 'name': 'Jornal O Globo', 'screen_name': 'JornalOGlobo'}, {'id_str': '34716630', 'indices': [20, 31], 'name': 'Malu Gaspar', 'screen_name': 'malugaspar'}]",,"[{'id_str': '0', 'indices': [36, 45], 'name': '', 'screen_name': 'luvcatos'}]",,,,,,,,,,,,,,,,,,,,,,,,,,,,,,,,,,,,,,,,,,,,,,,,,,,,,,,,,,,,,,,,,,,,,
tweet,1983306317629698175,https://x.com/Medusinhah/status/1983306317629698175,https://twitter.com/Medusinhah/status/1983306317629698175,@luuviisa Ela é resistente a água msm ou estraga depois de uns dias depois disso?  @grok,Twitter for iPhone,0,0,0,0,502,Tue Oct 28 22:54:08 +0000 2025,pt,0,True,1983263595510345808,1983263593798799451,"[10, 88]",1958924117643497473,luuviisa,,,,False,,user,Medusinhah,https://x.com/Medusinhah,https://twitter.com/Medusinhah,1297198394914549762,MEDUSA 💙// FUNK GENERATION🔥 Anitta 👑,False,False,,https://pbs.twimg.com/profile_images/1855498122949996544/HSuJjVzl_normal.jpg,https://pbs.twimg.com/profile_banners/1297198394914549762/1769651485,,,8353,1547,,False,False,Sat Aug 22 15:46:38 +0000 2020,[],0,140046,True,False,62482,300331,[],False,['1761478999325184415'],"Anitta e Larissa amores da minha vida 💘

não há espaço para ódio aqui",False,,"[{'id_str': '1958924117643497473', 'indices': [0, 9], 'name': 'isa ✶', 'screen_name': 'luuviisa'}, {'id_str': '1720665183188922368', 'indices': [83, 88], 'name': 'Grok', 'screen_name': 'grok'}]",,,,,,,,,,,,,,,,,,,,,,,,,,,,,,,,,,,,,,,,,,,,,,,,,,,,,,,,,,,,,,,,,,,,,,,
tweet,1983306316287258904,https://x.com/cassioss1/status/1983306316287258904,https://twitter.com/cassioss1/status/1983306316287258904,"@grok @luuiz_021 @juliovschneider Esse é um dos videos feitos de dentro do Melissa pelos caçadores de furacão, até a velocidade das nuvens é diferente, e mostra claramente o efeito estádio.",Twitter for iPhone,0,2,0,0,300,Tue Oct 28 22:54:08 +0000 2025,pt,0,True,1983305561224688125,1983235519422071094,"[34, 189]",1720665183188922368,grok,,,,False,,user,cassioss1,https://x.com/cassioss1,https://twitter.com/cassioss1,67481849,Sinho,False,True,,https://pbs.twimg.com/profile_images/1927380193494097920/pTf6Xstb_normal.jpg,https://pbs.twimg.com/profile_banners/67481849/1659316554,,"Salvador,Bahia,Brasil",406,469,,True,False,Fri Aug 21 01:18:54 +0000 2009,[],0,37655,True,False,319,8116,[],False,[],não leve nada tão a sério,False,,"[{'id_str': '1720665183188922368', 'indices': [0, 5], 'name': 'Grok', 'screen_name': 'grok'}, {'id_str': '1875275734073352192', 'indices': [6, 16], 'name': 'Qual foi Lz', 'screen_name': 'luuiz_021'}, {'id_str': '333553475', 'indices': [17, 33], 'name': 'Julio Schneider 🇧🇷🇺🇸', 'screen_name': 'juliovschneider'}]","[{'display_url': 'instagram.com/cassiosv?igshi…', 'expanded_url': 'https://instagram.com/cassiosv?igshid=xhl6uk02wnto', 'indices': [0, 23], 'url': 'https://t.co/kzBvgS95ZA'}]",,,,,,,,,,,,tweet,1983132385609953699,https://x.com/astronomiaum/status/1983132385609953699,https://twitter.com/astronomiaum/status/1983132385609953699,"Imagens impressionantes do interior do Melissa, agora um furacão de categoria 5. Avião corta o olho da tempestade, mostrando o chamado ""efeito estádio"". https://t.co/p27hylU12i",Twitter for iPhone,221.0,37.0,5370.0,39.0,1629095.0,Tue Oct 28 11:23:00 +0000 2025,pt,398.0,False,,1983132385609953699,"[0, 176]",,,user,astronomiaum,https://x.com/astronomiaum,https://twitter.com/astronomiaum,1483528052709761032,Astronomiaum,False,True,,https://pbs.twimg.com/profile_images/1844225535901126675/bmvs8eXk_normal.jpg,https://pbs.twimg.com/profile_banners/1483528052709761032/1728532607,,Brasil,138352.0,1938.0,,True,True,Tue Jan 18 19:55:53 +0000 2022,[],0.0,6425.0,True,False,6793.0,10309.0,[],False,['2018863787991028218'],"Astronomia, curiosidades e muito mais! Há espaço para todos. A cada dia uma nova descoberta 🪐🔭👩‍🚀🚀",False,,"[{'additional_media_info': {'monetizable': False, 'source_user': {'user_results': {'rest_id': '1639417964230213633', 'result': {'__typename': 'User', 'action_counts': {'favorites_count': 1722}, 'avatar': {'image_url': 'https://pbs.twimg.com/profile_images/1954200979970109440/1U-5oJ5y_normal.jpg'}, 'banner': {'image_url': 'https://pbs.twimg.com/profile_banners/1639417964230213633/1761507643'}, 'core': {'created_at': 'Sat Mar 25 00:06:02 +0000 2023', 'name': 'CaptainToxic Analytics', 'screen_name': 'Michael91387113'}, 'dm_permissions': {'can_dm': False}, 'exclusive_tweet_following': False, 'identity_profile_labels_highlighted_label': {}, 'location': {'location': 'United States'}, 'media_permissions': {'can_media_tag': True}, 'notifications_settings': {}, 'pinned_items': {'tweet_ids_str': ['1997792254812168350']}, 'privacy': {}, 'private_super_following': False, 'profile_bio': {'description': 'CaptainToxic⚔️USA🇺🇸 Geopolitics decoder:  Russia SMO, Middle East chaos & US power moves.Raw takes, no spin.All Hands On DeckTweet/DM | #Geopolitics #Foreign', 'entities': {'description': {'hashtags': [{'indices': [136, 148], 'text': 'Geopolitics'}, {'indices': [149, 157], 'text': 'Foreign'}]}}}, 'profile_metadata': {'profile_interstitial_type': '', 'profile_link_color': '1DA1F2'}, 'profile_translation': {'translator_type_enum': 'None'}, 'properties': {'has_extended_profile': True}, 'relationship_counts': {'followers': 157, 'following': 227}, 'relationship_perspectives': {}, 'rest_id': '1639417964230213633', 'super_follow_eligible': False, 'super_followed_by': False, 'super_following': False, 'tweet_counts': {'media_tweets': 7076, 'tweets': 9965}, 'website': {'url': ''}, 'verification': {'is_blue_verified': True}}}}}, 'allow_download_status': {'allow_download': True}, 'display_url': 'pic.twitter.com/p27hylU12i', 'expanded_url': 'https://x.com/Michael91387113/status/1982859128780505329/video/1', 'ext_media_availability': {'status': 'Available'}, 'id_str': '1982859089269985280', 'indices': [153, 176], 'media_key': '7_1982859089269985280', 'media_results': {'id': 'QXBpTWVkaWFSZXN1bHRzOgwAAwoAARuEh9YHl5AACgACG4WAZcrasaMAAA==', 'result': {'__typename': 'ApiMedia', 'id': 'QXBpTWVkaWE6DAADCgABG4SH1geXkAAKAAIbhYBlytqxowAA', 'media_key': '7_1982859089269985280'}}, 'media_url_https': 'https://pbs.twimg.com/ext_tw_video_thumb/1982859089269985280/pu/img/48GAfzRCtdiBoPAv.jpg', 'original_info': {'focus_rects': [], 'height': 720, 'width': 1280}, 'sizes': {'large': {'h': 720, 'w': 1280}}, 'source_status_id_str': '1982859128780505329', 'source_user_id_str': '1639417964230213633', 'type': 'video', 'url': 'https://t.co/p27hylU12i', 'video_info': {'aspect_ratio': [16, 9], 'duration_millis': 26308, 'variants': [{'content_type': 'application/x-mpegURL', 'url': 'https://video.twimg.com/ext_tw_video/1982859089269985280/pu/pl/I5KdVdiiJ9OG1vgX.m3u8?tag=12&v=cfc'}, {'bitrate': 256000, 'content_type': 'video/mp4', 'url': 'https://video.twimg.com/ext_tw_video/1982859089269985280/pu/vid/avc1/480x270/gdTMmRpVdmbwCGzC.mp4?tag=12'}, {'bitrate': 832000, 'content_type': 'video/mp4', 'url': 'https://video.twimg.com/ext_tw_video/1982859089269985280/pu/vid/avc1/640x360/TD9uVdeI-p3lXaOX.mp4?tag=12'}, {'bitrate': 2176000, 'content_type': 'video/mp4', 'url': 'https://video.twimg.com/ext_tw_video/1982859089269985280/pu/vid/avc1/1280x720/V8TNjYhl7L4rULCI.mp4?tag=12'}]}}]",,,,False,,
tweet,1983306314597159257,https://x.com/teteia2/status/1983306314597159257,https://twitter.com/teteia2/status/1983306314597159257,"@grok @joselacerda25 @astronomiaum A pergunta é , Cláudio Castro pediu ajuda ao governo  federal para coibir o crime e o tráfico no Rio?",Twitter for iPhone,0,1,0,0,40,Tue Oct 28 22:54:08 +0000 2025,pt,0,True,1983305210979373154,1983260849046171768,"[35, 136]",1720665183188922368,grok,,,,False,,user,teteia2,https://x.com/teteia2,https://twitter.com/teteia2,170186963,🚩🚩Outra bruxaL🚩🚩,False,False,,https://pbs.twimg.com/profile_images/1306396057270726657/7p87wULZ_normal.jpg,https://pbs.twimg.com/profile_banners/170186963/1658676402,,Brazil,3229,3932,,False,False,Sat Jul 24 04:19:55 +0000 2010,[],0,57595,True,False,1573,19670,[],False,[],SEM ANISTIA GOLPISTA NA CADEIA,False,,"[{'id_str': '1720665183188922368', 'indices': [0, 5], 'name': 'Grok', 'screen_name': 'grok'}, {'id_str': '4029484763', 'indices': [6, 20], 'name': 'mayhem 🇧🇷', 'screen_name': 'joselacerda25'}, {'id_str': '1483528052709761032', 'indices': [21, 34], 'name': 'Astronomiaum', 'screen_name': 'astronomiaum'}]","[{'display_url': 'page.is/teteia2', 'expanded_url': 'http://page.is/teteia2', 'indices': [0, 23], 'url': 'https://t.co/7tqa7FjTyn'}]",,,,,,,,,,,,,,,,,,,,,,,,,,,,,,,,,,,,,,,,,,,,,,,,,,,,,,,,,,,,,,,,,,,,,,
tweet,1983306283844579617,https://x.com/leao11onze/status/1983306283844579617,https://twitter.com/leao11onze/status/1983306283844579617,@SueliRizzi3 @GiorgiaMeloni @grok é verdade isso?,Twitter for iPhone,0,1,0,0,17,Tue Oct 28 22:54:00 +0000 2025,pt,0,True,1982899898598207935,1982899898598207935,"[28, 49]",1305891505027133442,SueliRizzi3,,,,False,,user,leao11onze,https://x.com/leao11onze,https://twitter.com/leao11onze,847426403926589441,como sacar o pino do coquilho do guindaste zulaine,False,False,,https://pbs.twimg.com/profile_images/1821652593468162048/XcmbIXrE_normal.jpg,https://pbs.twimg.com/profile_banners/847426403926589441/1698042371,,"Palmas, Brasil",92,503,,True,False,Thu Mar 30 12:32:53 +0000 2017,[],0,34836,True,False,747,9580,[],False,[],,False,,"[{'id_str': '1305891505027133442', 'indices': [0, 12], 'name': 'Sueli Rizzi 🌻🇧🇷', 'screen_name': 'SueliRizzi3'}, {'id_str': '130537001', 'indices': [13, 27], 'name': 'Giorgia Meloni', 'screen_name': 'GiorgiaMeloni'}, {'id_str': '1720665183188922368', 'indices': [28, 33], 'name': 'Grok', 'screen_name': 'grok'}]",,,,,,,,,,,,,,,,,,,,,,,,,,,,,,,,,,,,,,,,,,,,,,,,,,,,,,,,,,,,,,,,,,,,,,,
tweet,1983306260197044387,https://x.com/chines_virus/status/1983306260197044387,https://twitter.com/chines_virus/status/1983306260197044387,@bielferrigno @grok esse vídeo eh se hoje ?,Twitter for iPhone,0,1,0,0,42,Tue Oct 28 22:53:55 +0000 2025,pt,0,True,1983239508339380448,1983239508339380448,"[14, 43]",1518775747963412481,bielferrigno,,,,False,,user,chines_virus,https://x.com/chines_virus,https://twitter.com/chines_virus,1241595584944930816,Xamã Antigo Dukun Purba - Wahyu Ilahi dan Berdaula,False,False,,https://pbs.twimg.com/profile_images/1331647207473377283/pxm0KUdH_normal.jpg,https://pbs.twimg.com/profile_banners/1241595584944930816/1720971572,,Madagascar,1234,790,,False,True,Sun Mar 22 05:20:39 +0000 2020,[],0,113747,True,False,2631,34768,[],False,['1834762400005829058'],"Wahyu Ilahi, Anjakan Paradigma, Pembersihan Kelenjar Pineal

Lawati saluran Telegram kami untuk banyak kandungan.

Heyoka Empath

https://t.co/FRFeWBbtmg",False,,"[{'id_str': '1518775747963412481', 'indices': [0, 13], 'name': '🇧🇷🇮🇹 Gabriel Ferrigno | Geopolítica', 'screen_name': 'bielferrigno'}, {'id_str': '1720665183188922368', 'indices': [14, 19], 'name': 'Grok', 'screen_name': 'grok'}]","[{'display_url': 'youtube.com/watch?v=n4RjJK…', 'expanded_url': 'https://www.youtube.com/watch?v=n4RjJKxsamQ', 'indices': [0, 23], 'url': 'https://t.co/QNS6ByykNS'}]",,,,,,,,,,,,,,,,,,,,,,,,,,,,,,,,,,,,,,,,,,,,,,,,,,,,,,,,,,,,,,,,,,,,,,"[{'display_url': 't.me/divineagent', 'expanded_url': 'https://t.me/divineagent', 'indices': [130, 153], 'url': 'https://t.co/FRFeWBbtmg'}]"
tweet,1983306251292512389,https://x.com/SoransoSeguros/status/1983306251292512389,https://twitter.com/SoransoSeguros/status/1983306251292512389,@revistaoeste @grok quantas prefeituras não se sustentam no Brasil? Número em cada estado?,Twitter for iPhone,0,1,0,0,13,Tue Oct 28 22:53:53 +0000 2025,pt,0,True,1983278798490538310,1983278798490538310,"[14, 90]",1222939896349970432,revistaoeste,,,,False,,user,SoransoSeguros,https://x.com/SoransoSeguros,https://twitter.com/SoransoSeguros,1784357756943638528,Soranso Seguros,False,False,,https://pbs.twimg.com/profile_images/1784358230899957760/Mysk2sto_normal.png,,,"Francisco Beltrão, Brasil",127,1278,,False,True,Sat Apr 27 23:05:28 +0000 2024,[],0,17311,True,False,172,1286,[],False,['1941526451968409998'],"Soranso Seguros.
Continuando. 
Sempre.",False,,"[{'id_str': '1222939896349970432', 'indices': [0, 13], 'name': 'Revista Oeste', 'screen_name': 'revistaoeste'}, {'id_str': '1720665183188922368', 'indices': [14, 19], 'name': 'Grok', 'screen_name': 'grok'}]",,,,,,,,,,,,,,,,,,,,,,,,,,,,,,,,,,,,,,,,,,,,,,,,,,,,,,,,,,,,,,,,,,,,,,,
tweet,1983306219524915254,https://x.com/apenasdouglass/status/1983306219524915254,https://twitter.com/apenasdouglass/status/1983306219524915254,@2Ltrem021 @wassupdaan @eumajorrd @grok @2Ltrem021 leu as matérias ?,Twitter for iPhone,0,1,0,0,1512,Tue Oct 28 22:53:45 +0000 2025,pt,0,True,1983278625865773120,1983271928388563270,"[34, 68]",1634215946595319810,2Ltrem021,,,,False,,user,apenasdouglass,https://x.com/apenasdouglass,https://twitter.com/apenasdouglass,1669227593676062721,Douglas Only,False,False,,https://pbs.twimg.com/profile_images/1669231764345085952/oRNKth1h_normal.jpg,https://pbs.twimg.com/profile_banners/1669227593676062721/1686810840,,,4,90,,False,True,Thu Jun 15 06:17:59 +0000 2023,[],0,261,True,False,2,235,[],False,[],Douglas apenas Douglas,False,,"[{'id_str': '1634215946595319810', 'indices': [0, 10], 'name': '💢', 'screen_name': '2Ltrem021'}, {'id_str': '1433912305486544900', 'indices': [11, 22], 'name': 'Dan🇹🇷🇧🇷', 'screen_name': 'wassupdaan'}, {'id_str': '778074642141634560', 'indices': [23, 33], 'name': 'Major RD', 'screen_name': 'eumajorrd'}, {'id_str': '1720665183188922368', 'indices': [34, 39], 'name': 'Grok', 'screen_name': 'grok'}, {'id_str': '1634215946595319810', 'indices': [40, 50], 'name': '💢', 'screen_name': '2Ltrem021'}]",,,,,,,,,,,,,,,,,,,,,,,,,,,,,,,,,,,,,,,,,,,,,,,,,,,,,,,,,,,,,,,,,,,,,,,
tweet,1983306184430891455,https://x.com/AboutMusicy/status/1983306184430891455,https://twitter.com/AboutMusicy/status/1983306184430891455,@grok Seguro?,Twitter for iPhone,0,1,0,0,8,Tue Oct 28 22:53:37 +0000 2025,es,0,True,1983306107180462180,1983304899304575391,"[6, 13]",1720665183188922368,grok,,,,False,,user,AboutMusicy,https://x.com/AboutMusicy,https://twitter.com/AboutMusicy,1717894951428661248,Ri,False,False,,https://pbs.twimg.com/profile_images/1982451705800257536/SS3TV2mX_normal.jpg,https://pbs.twimg.com/profile_banners/1717894951428661248/1737553056,,Dick stan,0,13,,False,True,Fri Oct 27 13:24:15 +0000 2023,[],0,4602,True,False,49,293,[],False,[],"°beep beep, I'm out of order° quería poner emoji de tereré pero solo hay de mate",False,,"[{'id_str': '1720665183188922368', 'indices': [0, 5], 'name': 'Grok', 'screen_name': 'grok'}]",,,,,,,,,,,,,,,,,,,,,,,,,,,,,,,,,,,,,,,,,,,,,,,,,,,,,,,,,,,,,,,,,,,,,,,
tweet,1983306183856533693,https://x.com/BenevidesKetlen/status/1983306183856533693,https://twitter.com/BenevidesKetlen/status/1983306183856533693,"@usuarioeu1234 @osmolequeeliso @grok Meu senhor, eu nunca mencionei que homens geralmente desejam ou sonham com isso, é óbvio que a maioria nem deve ter pensado nisso, só mencionei que alguns homens podem pensar e desejar, principalmente casais que gastam dinheiro com barriga de aluguel",Twitter for iPhone,0,1,0,0,8,Tue Oct 28 22:53:36 +0000 2025,pt,0,True,1983305560071315587,1982773016007491922,"[37, 287]",1961449168880218112,usuarioeu1234,,,,False,,user,BenevidesKetlen,https://x.com/BenevidesKetlen,https://twitter.com/BenevidesKetlen,1574716622962655233,Ketlen b,False,False,,https://pbs.twimg.com/profile_images/2014193419065638912/8r4gfEQm_normal.jpg,https://pbs.twimg.com/profile_banners/1574716622962655233/1745208709,,,113,359,,True,False,Tue Sep 27 11:05:27 +0000 2022,[],0,215644,True,False,186,18985,[],False,[],,False,,"[{'id_str': '1961449168880218112', 'indices': [0, 14], 'name': 'Cérebro Pensante', 'screen_name': 'usuarioeu1234'}, {'id_str': '1826029154703212544', 'indices': [15, 30], 'name': 'bela : viu o MCR !¡ sdds Anton Yelchin.', 'screen_name': 'osmolequeeliso'}, {'id_str': '1720665183188922368', 'indices': [31, 36], 'name': 'Grok', 'screen_name': 'grok'}]",,,,,,,,,,,,,,,,,,,,,,,,,,,,,,,,,,,,,,,,,,,,,,,,,,,,,,,,,,,,,,,,,,,,,,,
tweet,1983306082325016880,https://x.com/franzui/status/1983306082325016880,https://twitter.com/franzui/status/1983306082325016880,@mariomiguelcarr @grok @RealArturoH @FelipeCalderon @EPN @odebrecht @lopezobrador_ @TheEconomist Hahahahhahahahahaa quedaste y Reeeeee Quedaste https://t.co/gZWerwpmt4,Twitter for iPhone,0,0,0,0,20,Tue Oct 28 22:53:12 +0000 2025,tl,0,True,1982876652976910431,1982626377104085299,"[97, 143]",184418234,mariomiguelcarr,,,,False,,user,franzui,https://x.com/franzui,https://twitter.com/franzui,2921106894,FRNÇS,False,False,,https://pbs.twimg.com/profile_images/1618036701540098049/4j6YLXrh_normal.jpg,https://pbs.twimg.com/profile_banners/2921106894/1699915033,,in ur dirtiest thoughts. Mex/American guy,2859,994,,True,False,Sun Dec 07 02:04:29 +0000 2014,[],0,55628,True,False,5935,36280,[],False,['1281273843533803520'],Lee antes 👇Im nasty and I know it 18+ / GAY claims not accepted. 🔞#ANTICHAIROS,False,,"[{'id_str': '184418234', 'indices': [0, 16], 'name': 'Mario Miguel Carrillo', 'screen_name': 'mariomiguelcarr'}, {'id_str': '1720665183188922368', 'indices': [17, 22], 'name': 'Grok', 'screen_name': 'grok'}, {'id_str': '103104199', 'indices': [23, 35], 'name': 'Arturo Herrera', 'screen_name': 'RealArturoH'}, {'id_str': '144376833', 'indices': [36, 51], 'name': 'Felipe Calderón 🇲🇽🇺🇦', 'screen_name': 'FelipeCalderon'}, {'id_str': '2897441', 'indices': [52, 56], 'name': 'Enrique Peña Nieto', 'screen_name': 'EPN'}, {'id_str': '482354806', 'indices': [57, 67], 'name': 'Odebrecht', 'screen_name': 'odebrecht'}, {'id_str': '82119937', 'indices': [68, 82], 'name': 'Andrés Manuel', 'screen_name': 'lopezobrador_'}, {'id_str': '5988062', 'indices': [83, 96], 'name': 'The Economist', 'screen_name': 'TheEconomist'}]",,,,,,,,,,,"[{'display_url': 'pic.twitter.com/gZWerwpmt4', 'expanded_url': 'https://twitter.com/franzui/status/1983306082325016880/photo/1', 'ext_alt_text': 'Erin Evinary GIF', 'ext_media_availability': {'status': 'Available'}, 'id_str': '1983306075869794304', 'indices': [144, 167], 'media_key': '16_1983306075869794304', 'media_results': {'id': 'QXBpTWVkaWFSZXN1bHRzOgwAAgoAARuGHl41F9AACgACG4YeX7XasTAAAA==', 'result': {'__typename': 'ApiMedia', 'id': 'QXBpTWVkaWE6DAACCgABG4YeXjUX0AAKAAIbhh5ftdqxMAAA', 'media_key': '16_1983306075869794304'}}, 'media_url_https': 'https://pbs.twimg.com/tweet_video_thumb/G4YeXjUX0AAYtvp.jpg', 'original_info': {'focus_rects': [], 'height': 240, 'width': 240}, 'sizes': {'large': {'h': 240, 'w': 240}}, 'type': 'animated_gif', 'url': 'https://t.co/gZWerwpmt4', 'video_info': {'aspect_ratio': [1, 1], 'variants': [{'bitrate': 0, 'content_type': 'video/mp4', 'url': 'https://video.twimg.com/tweet_video/G4YeXjUX0AAYtvp.mp4'}]}}]","[{'indices': [66, 78], 'text': 'ANTICHAIROS'}]",,,,,,,,,,,,,,,,,,,,,,,,,,,,,,,,,,,,,,,,,,,,,,,,,,,,,,,,,,,
tweet,1983306038293258399,https://x.com/LucasAgnel0/status/1983306038293258399,https://twitter.com/LucasAgnel0/status/1983306038293258399,"@sagitariusbbt @spidrmanx @grok Eu acho que se trata mais pra manter um bom comportamento deles, tenho quase crtz que se acabasse visitas íntimas nas prisões, principalmente masculinas, o que ia rolar de rebelião seria brincadeira, honestamente, eu acho que o perigo pra os guardas e funcionários ia aumentar mt.",Twitter for iPhone,0,1,1,0,681,Tue Oct 28 22:53:02 +0000 2025,pt,0,True,1983296226641768705,1983162220969373881,"[32, 312]",892556989594816513,sagitariusbbt,,,,False,,user,LucasAgnel0,https://x.com/LucasAgnel0,https://twitter.com/LucasAgnel0,1092190146655588352,𝕷𝖚𝖈𝖆𝖘 ◤✠◢,False,False,,https://pbs.twimg.com/profile_images/1656168089753403393/bajr8ENw_normal.jpg,https://pbs.twimg.com/profile_banners/1092190146655588352/1667438571,,"Vila Velha, Brasil",48,308,,True,False,Sun Feb 03 22:36:37 +0000 2019,[],0,9028,True,False,331,2073,[],False,[],"...
Vascaíno desde o berço",False,,"[{'id_str': '892556989594816513', 'indices': [0, 14], 'name': 'Engenheiro de Tweet (Dino) #LakeShow', 'screen_name': 'sagitariusbbt'}, {'id_str': '830006876653944832', 'indices': [15, 25], 'name': 'beatrice', 'screen_name': 'spidrmanx'}, {'id_str': '1720665183188922368', 'indices': [26, 31], 'name': 'Grok', 'screen_name': 'grok'}]",,,,,,,,,,,,,,,,,,,,,,,,,,,,,,,,,,,,,,,,,,,,,,,,,,,,,,,,,,,,,,,,,,,,,,,
tweet,1983306031213228379,https://x.com/AlbertoMayer8/status/1983306031213228379,https://twitter.com/AlbertoMayer8/status/1983306031213228379,@realreajabrasil @bonilha_andrea @BlogdoNoblat @grok Se faz de burro mesmo?,Twitter for iPhone,0,0,0,0,24,Tue Oct 28 22:53:00 +0000 2025,pt,0,True,1983305074450538539,1983267499287425484,"[53, 75]",1952091729420779520,realreajabrasil,,,,False,,user,AlbertoMayer8,https://x.com/AlbertoMayer8,https://twitter.com/AlbertoMayer8,1536512638531911685,Alberto carlo,False,False,,https://pbs.twimg.com/profile_images/1536513233820995585/9nKGfO09_normal.png,,,,12,69,,False,True,Tue Jun 14 00:57:56 +0000 2022,[],0,84465,True,False,2,1602,[],False,[],Nada,False,,"[{'id_str': '1952091729420779520', 'indices': [0, 16], 'name': 'Reaja_brasil', 'screen_name': 'realreajabrasil'}, {'id_str': '1589422695178969088', 'indices': [17, 32], 'name': 'Andrea Bonilha', 'screen_name': 'bonilha_andrea'}, {'id_str': '16794066', 'indices': [33, 46], 'name': 'Blog do Noblat', 'screen_name': 'BlogdoNoblat'}, {'id_str': '1720665183188922368', 'indices': [47, 52], 'name': 'Grok', 'screen_name': 'grok'}]",,,,,,,,,,,,,,,,,,,,,,,,,,,,,,,,,,,,,,,,,,,,,,,,,,,,,,,,,,,,,,,,,,,,,,,
tweet,1983306017158115485,https://x.com/albertosantos13/status/1983306017158115485,https://twitter.com/albertosantos13/status/1983306017158115485,"@MottaTarcisio @grok, quem eduardo  paes, Luiz Fernando Pezão e Sérgio Cabral são aliados no plano nacional?",Twitter for iPhone,0,1,0,0,96,Tue Oct 28 22:52:57 +0000 2025,pt,0,True,1983268687126901155,1983268687126901155,"[15, 108]",799260530,MottaTarcisio,,,,False,,user,albertosantos13,https://x.com/albertosantos13,https://twitter.com/albertosantos13,321957599,albertosantos,False,False,,https://pbs.twimg.com/profile_images/2671469417/5253fb55f438612e151cfa1eb7798a92_normal.jpeg,,,PAULISTA-PE,14,141,,False,True,Wed Jun 22 12:13:33 +0000 2011,[],0,153,True,False,26,1306,[],False,[],"um menino feliz(meio antiquado)esperando a mulher de sua vida,apaixonado por narração esportiva de rádio e musica antiga",False,,"[{'id_str': '799260530', 'indices': [0, 14], 'name': 'Tarcísio Motta', 'screen_name': 'MottaTarcisio'}, {'id_str': '1720665183188922368', 'indices': [15, 20], 'name': 'Grok', 'screen_name': 'grok'}]",,,,,,,,,,,,,,,,,,,,,,,,,,,,,,,,,,,,,,,,,,,,,,,,,,,,,,,,,,,,,,,,,,,,,,,
tweet,1983305987517014087,https://x.com/canal_libercon/status/1983305987517014087,https://twitter.com/canal_libercon/status/1983305987517014087,@arte_catolica @grok Explica esse meme?,Twitter for iPhone,0,1,0,0,16,Tue Oct 28 22:52:50 +0000 2025,pt,0,True,1981058915526701466,1981058915526701466,"[15, 39]",1646614847512035330,arte_catolica,,,,False,,user,canal_libercon,https://x.com/canal_libercon,https://twitter.com/canal_libercon,796228077449789448,Libercon Psicologia Social,False,False,,https://pbs.twimg.com/profile_images/1588973968786132993/9V2vOEZA_normal.jpg,https://pbs.twimg.com/profile_banners/796228077449789448/1573823544,,Pyng-Pong - North Corea,255,197,,False,False,Wed Nov 09 05:49:01 +0000 2016,[],0,53015,True,False,6339,20232,[],False,['1023542963706707969'],"Canal do YouTube, inscreva-se!",False,,"[{'id_str': '1646614847512035330', 'indices': [0, 14], 'name': 'Arte Católica 🇻🇦', 'screen_name': 'arte_catolica'}, {'id_str': '1720665183188922368', 'indices': [15, 20], 'name': 'Grok', 'screen_name': 'grok'}]","[{'display_url': 'youtube.com/channel/UCpGln…', 'expanded_url': 'https://www.youtube.com/channel/UCpGlnEj3s0psBJ1PMVwCd4g/videos', 'indices': [0, 23], 'url': 'https://t.co/WArLwwKV2v'}]",,,,,,,,,,,,,,,,,,,,,,,,,,,,,,,,,,,,,,,,,,,,,,,,,,,,,,,,,,,,,,,,,,,,,,
tweet,1983305985881190828,https://x.com/AboutMusicy/status/1983305985881190828,https://twitter.com/AboutMusicy/status/1983305985881190828,@grok Seguro?,Twitter for iPhone,0,1,0,0,12,Tue Oct 28 22:52:49 +0000 2025,es,0,True,1983305740094980420,1983304899304575391,"[6, 13]",1720665183188922368,grok,,,,False,,user,AboutMusicy,https://x.com/AboutMusicy,https://twitter.com/AboutMusicy,1717894951428661248,Ri,False,False,,https://pbs.twimg.com/profile_images/1982451705800257536/SS3TV2mX_normal.jpg,https://pbs.twimg.com/profile_banners/1717894951428661248/1737553056,,Dick stan,0,13,,False,True,Fri Oct 27 13:24:15 +0000 2023,[],0,4602,True,False,49,293,[],False,[],"°beep beep, I'm out of order° quería poner emoji de tereré pero solo hay de mate",False,,"[{'id_str': '1720665183188922368', 'indices': [0, 5], 'name': 'Grok', 'screen_name': 'grok'}]",,,,,,,,,,,,,,,,,,,,,,,,,,,,,,,,,,,,,,,,,,,,,,,,,,,,,,,,,,,,,,,,,,,,,,,
tweet,1983305959259943098,https://x.com/D64806646/status/1983305959259943098,https://twitter.com/D64806646/status/1983305959259943098,"@profjuliosouza @ducavendish @grok  defina as diferenças entre dudu bolsonar e bukele. Desde biografia, histórico de trabalho e tudo mais.",Twitter for iPhone,0,1,0,0,28,Tue Oct 28 22:52:43 +0000 2025,pt,0,True,1983201784433877162,1983201038053323194,"[29, 138]",61310056,profjuliosouza,,,,False,,user,D64806646,https://x.com/D64806646,https://twitter.com/D64806646,1351119766656868355,Drogon Tiamat,False,False,,https://pbs.twimg.com/profile_images/1415054296589217793/452CzHne_normal.jpg,https://pbs.twimg.com/profile_banners/1351119766656868355/1642342038,,,22,47,,False,False,Mon Jan 18 10:50:44 +0000 2021,[],0,991,True,False,913,26820,[],False,[],,False,,"[{'id_str': '61310056', 'indices': [0, 15], 'name': 'Júlio Souza', 'screen_name': 'profjuliosouza'}, {'id_str': '1054726240723189760', 'indices': [16, 28], 'name': 'E. Cavendish', 'screen_name': 'ducavendish'}, {'id_str': '1720665183188922368', 'indices': [29, 34], 'name': 'Grok', 'screen_name': 'grok'}]",,,,,,,,,,,,,,,,,,,,,,,,,,,,,,,,,,,,,,,,,,,,,,,,,,,,,,,,,,,,,,,,,,,,,,,
tweet,1990786199427170766,https://x.com/putiferah/status/1990786199427170766,https://twitter.com/putiferah/status/1990786199427170766,@GabyAmarantos @grok quais os indicados nessa categoria ?,Twitter for iPhone,0,1,0,0,33,Tue Nov 18 14:16:31 +0000 2025,pt,0,True,1990439491262095735,1990439491262095735,"[15, 57]",53189003,GabyAmarantos,,,,False,,user,putiferah,https://x.com/putiferah,https://twitter.com/putiferah,2905378486,ด้้้้้็็็็็้้้้้็็็็็้้้้้้้้็็็็็้้้ Putífero,False,False,,https://pbs.twimg.com/profile_images/2005024491684950016/T0FjXbK5_normal.jpg,https://pbs.twimg.com/profile_banners/2905378486/1699187425,,,198,1512,,False,False,Thu Dec 04 17:46:09 +0000 2014,[],0,72417,True,False,1659,15358,[],False,[],🏳️‍🌈⃤Almo Gêmeo,False,,"[{'id_str': '53189003', 'indices': [0, 14], 'name': 'Gaby Amarantos', 'screen_name': 'GabyAmarantos'}, {'id_str': '1720665183188922368', 'indices': [15, 20], 'name': 'Grok', 'screen_name': 'grok'}]",,,,,,,,,,,,,,,,,,,,,,,,,,,,,,,,,,,,,,,,,,,,,,,,,,,,,,,,,,,,,,,,,,,,,,,
tweet,1990786139905798182,https://x.com/baianoverse/status/1990786139905798182,https://twitter.com/baianoverse/status/1990786139905798182,@NewsLiberdade @grok me diga q é verdade isso 🤣🤣🤣,Twitter for iPhone,0,0,0,0,7,Tue Nov 18 14:16:17 +0000 2025,pt,0,True,1990443982170767683,1990443982170767683,"[15, 49]",1711732984338878465,NewsLiberdade,,,,False,,user,baianoverse,https://x.com/baianoverse,https://twitter.com/baianoverse,1772355438283014144,baianou,False,False,,https://pbs.twimg.com/profile_images/1772355653639524352/1hQZPO0K_normal.jpg,,,,235,60,,False,True,Mon Mar 25 20:10:57 +0000 2024,[],0,23452,True,False,1181,15022,[],False,[],,False,,"[{'id_str': '1711732984338878465', 'indices': [0, 14], 'name': 'SPACE LIBERDADE \uea00', 'screen_name': 'NewsLiberdade'}, {'id_str': '1720665183188922368', 'indices': [15, 20], 'name': 'Grok', 'screen_name': 'grok'}]",,,,,,,,,,,,,,,,,,,,,,,,,,,,,,,,,,,,,,,,,,,,,,,,,,,,,,,,,,,,,,,,,,,,,,,
tweet,1990786123509960799,https://x.com/Rogerio72840759/status/1990786123509960799,https://twitter.com/Rogerio72840759/status/1990786123509960799,@andrevix @ducavendish @grok @grok quais políticos tem algum envolvimento com o banco master?,Twitter for iPhone,0,1,1,0,682,Tue Nov 18 14:16:13 +0000 2025,pt,0,True,1990785233957105848,1990780392341975174,"[29, 93]",80460070,andrevix,,,,False,,user,Rogerio72840759,https://x.com/Rogerio72840759,https://twitter.com/Rogerio72840759,1755620032799981568,Rogerio Lopes,False,False,,https://pbs.twimg.com/profile_images/1755620127184429056/gNqZ1h6O_normal.png,,,,4,61,,False,True,Thu Feb 08 15:50:30 +0000 2024,[],0,335,True,False,64,479,[],False,[],,False,,"[{'id_str': '80460070', 'indices': [0, 9], 'name': 'André', 'screen_name': 'andrevix'}, {'id_str': '1054726240723189760', 'indices': [10, 22], 'name': 'E. Cavendish', 'screen_name': 'ducavendish'}, {'id_str': '1720665183188922368', 'indices': [23, 28], 'name': 'Grok', 'screen_name': 'grok'}, {'id_str': '1720665183188922368', 'indices': [29, 34], 'name': 'Grok', 'screen_name': 'grok'}]",,,,,,,,,,,,,,,,,,,,,,,,,,,,,,,,,,,,,,,,,,,,,,,,,,,,,,,,,,,,,,,,,,,,,,,
tweet,1990786048281227690,https://x.com/candidatoderro1/status/1990786048281227690,https://twitter.com/candidatoderro1/status/1990786048281227690,@irmamonica_13 @grok isso ai é religioso ?,Twitter for iPhone,0,1,0,0,12,Tue Nov 18 14:15:55 +0000 2025,pt,0,True,1990533401728930070,1990533401728930070,"[15, 42]",1550487220276060160,irmamonica_13,,,,False,,user,candidatoderro1,https://x.com/candidatoderro1,https://twitter.com/candidatoderro1,1328382733098381318,candidato derrotado,False,False,,https://pbs.twimg.com/profile_images/1328414038418731012/wt99XS7a_normal.jpg,https://pbs.twimg.com/profile_banners/1328382733098381318/1605553563,,,123,363,,True,True,Mon Nov 16 17:01:48 +0000 2020,[],0,27257,True,False,3792,40566,[],False,[],Pra você me cancelar tem que me elevar muito. toda queda é um voo para um perfil desconhecido,False,,"[{'id_str': '1550487220276060160', 'indices': [0, 14], 'name': 'Irmã Mônica', 'screen_name': 'irmamonica_13'}, {'id_str': '1720665183188922368', 'indices': [15, 20], 'name': 'Grok', 'screen_name': 'grok'}]",,,,,,,,,,,,,,,,,,,,,,,,,,,,,,,,,,,,,,,,,,,,,,,,,,,,,,,,,,,,,,,,,,,,,,,
tweet,1990786028312166493,https://x.com/JohnWickIndiano/status/1990786028312166493,https://twitter.com/JohnWickIndiano/status/1990786028312166493,@grok @Eduardono2022 @analise2025 @grok É normal policiais de batalhões especiais responderem?,Twitter for iPhone,0,1,0,0,209,Tue Nov 18 14:15:50 +0000 2025,pt,0,True,1990600150209999043,1990553017834483876,"[34, 94]",1720665183188922368,grok,,,,False,,user,JohnWickIndiano,https://x.com/JohnWickIndiano,https://twitter.com/JohnWickIndiano,1724930668482924544,Marcelo,False,False,,https://pbs.twimg.com/profile_images/1728873900757393408/YcCnfSpJ_normal.jpg,https://pbs.twimg.com/profile_banners/1724930668482924544/1701030634,,,14,90,,False,True,Wed Nov 15 23:21:48 +0000 2023,[],0,5825,True,False,61,877,[],False,[],,False,,"[{'id_str': '1720665183188922368', 'indices': [0, 5], 'name': 'Grok', 'screen_name': 'grok'}, {'id_str': '1497364987655987201', 'indices': [6, 20], 'name': 'Eduardo Oliveira', 'screen_name': 'Eduardono2022'}, {'id_str': '1875980871746179072', 'indices': [21, 33], 'name': 'Análise Política 2', 'screen_name': 'analise2025'}, {'id_str': '1720665183188922368', 'indices': [34, 39], 'name': 'Grok', 'screen_name': 'grok'}]",,,,,,,,,,,,,,,,,,,,,,,,,,,,,,,,,,,,,,,,,,,,,,,,,,,,,,,,,,,,,,,,,,,,,,,
tweet,1990785995206504661,https://x.com/ClaudioBeringhs/status/1990785995206504661,https://twitter.com/ClaudioBeringhs/status/1990785995206504661,"@dornellascarlos @claudiocastroRJ @grok Provavelmente não é isso que as Forças de Segurança pensam quando pedem os blindados da Marinha e EB‼️

Mas para isso o DESGoverno teria que ser outro ...",Twitter for iPhone,0,1,0,0,22,Tue Nov 18 14:15:42 +0000 2025,pt,1,True,1990743908914245774,1990512302848675890,"[40, 194]",3304190619,dornellascarlos,,,,False,,user,ClaudioBeringhs,https://x.com/ClaudioBeringhs,https://twitter.com/ClaudioBeringhs,1059244134609928192,Claudio Athayde Beringhs 🇧🇷,False,False,,https://pbs.twimg.com/profile_images/1841458072105144320/OONkUUni_normal.jpg,https://pbs.twimg.com/profile_banners/1059244134609928192/1660787390,,Brazil,18569,16420,,False,False,Mon Nov 05 00:40:56 +0000 2018,[],0,208065,True,False,11754,90906,[],False,['2003362664052064316'],"Bolsonarista
➡️Via de Lá Plata 2021
🇧🇷 @Cberinghs
Ex Dist. Antarctica que viu o $$ do Jorge Paulo Leman comprar o governo FHC

🚨BlocK em lacradores 🚨",False,,"[{'id_str': '3304190619', 'indices': [0, 16], 'name': 'Carlos Eduardo Dornellas ☕', 'screen_name': 'dornellascarlos'}, {'id_str': '74792468', 'indices': [17, 33], 'name': 'Cláudio Castro', 'screen_name': 'claudiocastroRJ'}, {'id_str': '1720665183188922368', 'indices': [34, 39], 'name': 'Grok', 'screen_name': 'grok'}]",,"[{'id_str': '0', 'indices': [39, 49], 'name': '', 'screen_name': 'Cberinghs'}]",,,,,,,,,,,,,,,,,,,,,,,,,,,,,,,,,,,,,,,,,,,,,,,,,,,,,,,,,,,,,,,,,,,,,
tweet,1990785974247567495,https://x.com/PandaGirlBR/status/1990785974247567495,https://twitter.com/PandaGirlBR/status/1990785974247567495,@mmimntxx @grok traduz,Twitter for iPhone,0,0,1,0,161,Tue Nov 18 14:15:37 +0000 2025,pt,0,True,1990765531398566046,1990765531398566046,"[10, 22]",2388334003,mmimntxx,,,,False,,user,PandaGirlBR,https://x.com/PandaGirlBR,https://twitter.com/PandaGirlBR,891524405502849024,MissValentine 🏳️‍🌈,False,False,,https://pbs.twimg.com/profile_images/1993000796716195840/Po8s62jc_normal.jpg,https://pbs.twimg.com/profile_banners/891524405502849024/1590127374,,"Manaus, Brasil",25,45,,False,False,Sun Jul 30 05:02:36 +0000 2017,[],0,8994,True,False,59,1608,[],False,[],,False,,"[{'id_str': '2388334003', 'indices': [0, 9], 'name': '• M. ◡̈', 'screen_name': 'mmimntxx'}, {'id_str': '1720665183188922368', 'indices': [10, 15], 'name': 'Grok', 'screen_name': 'grok'}]",,,,,,,,,,,,,,,,,,,,,,,,,,,,,,,,,,,,,,,,,,,,,,,,,,,,,,,,,,,,,,,,,,,,,,,
tweet,1990785926419959868,https://x.com/lobo_alsacia/status/1990785926419959868,https://twitter.com/lobo_alsacia/status/1990785926419959868,"@grok @pinkkitsune24 @LealBenedita @questiona_te @gork E desde quando isso São factos? A Benedita leal não é local não mor em cinfaes. Portanto já chegámos ao ponto em que aceitas qualquer coisa como verdadeira, grok?",Twitter for iPhone,0,2,0,0,54,Tue Nov 18 14:15:26 +0000 2025,pt,0,True,1990785629689688568,1990510160167469484,"[55, 217]",1720665183188922368,grok,,,,False,,user,lobo_alsacia,https://x.com/lobo_alsacia,https://twitter.com/lobo_alsacia,1585181982157414400,"somos 3,4 milhões 🇵🇹🇵🇹🇵🇹",False,False,,https://pbs.twimg.com/profile_images/2009440596314763264/4n5K-u3K_normal.jpg,https://pbs.twimg.com/profile_banners/1585181982157414400/1768837250,,"Lisboa, Portugal",2660,1219,,False,True,Wed Oct 26 08:10:33 +0000 2022,[],0,39485,True,False,4015,35111,[],False,['2020652965720400314'],"Na defesa dos fracos e dos oprimidos, na luta contra a maldade 🇵🇹🇵🇹 Jogo pelo SEGURO.",False,,"[{'id_str': '1720665183188922368', 'indices': [0, 5], 'name': 'Grok', 'screen_name': 'grok'}, {'id_str': '1858295497188130816', 'indices': [6, 20], 'name': 'PinkKitsune', 'screen_name': 'pinkkitsune24'}, {'id_str': '1092291843675574272', 'indices': [21, 34], 'name': 'Benedita Leal', 'screen_name': 'LealBenedita'}, {'id_str': '1886445309016113152', 'indices': [35, 48], 'name': 'Questiona-te', 'screen_name': 'questiona_te'}, {'id_str': '1909390269533011968', 'indices': [49, 54], 'name': 'gork', 'screen_name': 'gork'}]",,,,,,,,,,,,,,,,,,,,,,,,,,,,,,,,,,,,,,,,,,,,,,,,,,,,,,,,,,,,,,,,,,,,,,,
tweet,1990785874871922907,https://x.com/GrayStenia/status/1990785874871922907,https://twitter.com/GrayStenia/status/1990785874871922907,"@WilshawElise @Grok, esse vídeo é antigo, salvo engano... Pode dizer o contexto para que a @miriamleitao entenda que Belém não é o paraíso que ela quer que engulamos???",Twitter for iPhone,0,1,1,0,226,Tue Nov 18 14:15:14 +0000 2025,pt,0,True,1990530750173913120,1990530750173913120,"[14, 168]",282882073,EliseWilshaw1,,,,False,,user,GrayStenia,https://x.com/GrayStenia,https://twitter.com/GrayStenia,1788287124208328706,Stênia Gray,False,False,,https://pbs.twimg.com/profile_images/1788513606658654208/x0VPRlw6_normal.jpg,https://pbs.twimg.com/profile_banners/1788287124208328706/1753958503,,,1816,4121,,False,True,Wed May 08 19:17:42 +0000 2024,[],0,182481,True,False,463,8510,[],False,['1943267537375928651'],"Postagens sérias e bobeiras, porque equilíbrio é tudo...
Deus em primeiro lugar, amo minha família, gosto do meu país e animais são tudo de bom...",False,,"[{'id_str': '1720665183188922368', 'indices': [14, 19], 'name': 'Grok', 'screen_name': 'grok'}, {'id_str': '16814640', 'indices': [91, 104], 'name': 'Míriam Leitão', 'screen_name': 'miriamleitao'}]",,,,,,,,,,,,,,,,,,,,,,,,,,,,,,,,,,,,,,,,,,,,,,,,,,,,,,,,,,,,,,,,,,,,,,,
tweet,1990785536769114591,https://x.com/palomachevalier/status/1990785536769114591,https://twitter.com/palomachevalier/status/1990785536769114591,@SensoCrtico1 @grok isso eh verdade? Me conte tudo e onde isso aconteceu.,Twitter for iPhone,0,3,0,0,22235,Tue Nov 18 14:13:53 +0000 2025,pt,0,True,1990525334048113083,1990525334048113083,"[14, 73]",1123258543505850368,SensoCrtico1,,,,False,,user,palomachevalier,https://x.com/palomachevalier,https://twitter.com/palomachevalier,27976726,Pa,False,False,,https://pbs.twimg.com/profile_images/2016582882068713474/qcNa0rcC_normal.jpg,https://pbs.twimg.com/profile_banners/27976726/1769906283,,,583,1379,,True,False,Tue Mar 31 22:10:17 +0000 2009,[],0,33089,True,False,289,11531,[],False,[],vivendo e sempre aprendendo.,False,,"[{'id_str': '1123258543505850368', 'indices': [0, 13], 'name': 'Senso Crítico ⚡', 'screen_name': 'SensoCrtico1'}, {'id_str': '1720665183188922368', 'indices': [14, 19], 'name': 'Grok', 'screen_name': 'grok'}]",,,,,,,,,,,,,,,,,,,,,,,,,,,,,,,,,,,,,,,,,,,,,,,,,,,,,,,,,,,,,,,,,,,,,,,
